ticker,sector,industry
095570.KS,,산업용 기계 및 장비 임대업
006840.KS,,기타 금융업
027410.KS,,기타 금융업
282330.KS,,종합 소매업
138930.KS,,기타 금융업
001460.KS,,봉제의복 제조업
001465.KS,,
001040.KS,,기타 금융업
079160.KS,,"영화, 비디오물, 방송프로그램 제작 및 배급업"
00104K.KS,,
000120.KS,,도로 화물 운송업
011150.KS,,기타 식품 제조업
011155.KS,,
001045.KS,,
097950.KS,,기타 식품 제조업
097955.KS,,
000480.KS,,"내화, 비내화 요업제품 제조업"
000590.KS,,기타 금융업
012030.KS,,"컴퓨터 프로그래밍, 시스템 통합 및 관리업"
005830.KS,,보험업
016610.KS,,금융 지원 서비스업
000990.KS,,반도체 제조업
000300.KS,,자동차 신품 부품 제조업
001530.KS,,상품 중개업
015590.KS,,일반 목적용 기계 제조업
000210.KS,,기초 화학물질 제조업
000215.KS,,
375500.KS,,토목 건설업
37550L.KS,,
37550K.KS,,
007340.KS,,일차전지 및 이차전지 제조업
004840.KS,,고무제품 제조업
155660.KS,,1차 비철금속 제조업
069730.KS,,1차 철강 제조업
017860.KS,,기타 화학제품 제조업
092780.KS,,자동차용 엔진 및 자동차 제조업
017940.KS,,기타 전문 도매업
365550.KS,,부동산 임대 및 공급업
383220.KS,,봉제의복 제조업
007700.KS,,기타 금융업
114090.KS,,유원지 및 기타 오락관련 서비스업
078930.KS,,기타 금융업
006360.KS,,건물 건설업
001250.KS,,상품 종합 도매업
007070.KS,,종합 소매업
078935.KS,,
499790.KS,,기타 금융업
012630.KS,,기타 금융업
039570.KS,,전기 및 통신 공사업
089470.KS,,기타 화학제품 제조업
267270.KS,,특수 목적용 기계 제조업
009540.KS,,기타 금융업
267250.KS,,기타 금융업
443060.KS,,"건축기술, 엔지니어링 및 관련 기술 서비스업"
071970.KS,,일반 목적용 기계 제조업
322000.KS,,반도체 제조업
267260.KS,,"전동기, 발전기 및 전기 변환 · 공급 · 제어 장치 제조업"
329180.KS,,선박 및 보트 건조업
097230.KS,,토목 건설업
014790.KS,,토목 건설업
003580.KS,,종합 소매업
204320.KS,,자동차 신품 부품 제조업
060980.KS,,기타 금융업
011200.KS,,해상 운송업
035000.KS,,광고업
002460.KS,,건물 건설업
487570.KS,,기타 금융업
298050.KS,,화학섬유 제조업
015360.KS,,회사 본부 및 경영 컨설팅 서비스업
294870.KS,,건물 건설업
175330.KS,,기타 금융업
204210.KS,,부동산 임대 및 공급업
234080.KS,,의약품 제조업
001060.KS,,의약품 제조업
001067.KS,,
001065.KS,,
096760.KS,,기타 금융업
008970.KS,,1차 철강 제조업
105560.KS,,기타 금융업
415640.KS,,신탁업 및 집합투자업
432320.KS,,부동산 임대 및 공급업
002380.KS,,기타 화학제품 제조업
344820.KS,,유리 및 유리제품 제조업
009070.KS,,도로 화물 운송업
009440.KS,,기타 금융업
119650.KS,,일반 목적용 기계 제조업
092220.KS,,반도체 제조업
003620.KS,,자동차용 엔진 및 자동차 제조업
016380.KS,,1차 철강 제조업
001390.KS,,기초 화학물질 제조업
001940.KS,,1차 철강 제조업
025000.KS,,기초 화학물질 제조업
092230.KS,,기초 화학물질 제조업
000040.KS,,그외 기타 운송장비 제조업
044450.KS,,해상 운송업
030200.KS,,전기 통신업
033780.KS,,담배 제조업
058850.KS,,기타 정보 서비스업
058860.KS,,기타 정보 서비스업
093050.KS,,봉제의복 제조업
003550.KS,,기타 금융업
034220.KS,,전자부품 제조업
051900.KS,,기타 화학제품 제조업
051905.KS,,
064400.KS,,"컴퓨터 프로그래밍, 시스템 통합 및 관리업"
373220.KS,,일차전지 및 이차전지 제조업
003555.KS,,
032640.KS,,전기 통신업
011070.KS,,전자부품 제조업
066570.KS,,통신 및 방송 장비 제조업
066575.KS,,
037560.KS,,텔레비전 방송업
051910.KS,,기초 화학물질 제조업
051915.KS,,
079550.KS,,무기 및 총포탄 제조업
006260.KS,,기타 금융업
010120.KS,,"전동기, 발전기 및 전기 변환 · 공급 · 제어 장치 제조업"
000680.KS,,상품 종합 도매업
229640.KS,,기타 금융업
108320.KS,,반도체 제조업
001120.KS,,상품 중개업
108670.KS,,플라스틱제품 제조업
108675.KS,,
383800.KS,,기타 금융업
38380K.KS,,
023150.KS,,알코올음료 제조업
035420.KS,,"자료처리, 호스팅, 포털 및 기타 인터넷 정보매개 서비스업"
036570.KS,,소프트웨어 개발 및 공급업
181710.KS,,소프트웨어 개발 및 공급업
400760.KS,,부동산 임대 및 공급업
005940.KS,,금융 지원 서비스업
005945.KS,,
338100.KS,,부동산 임대 및 공급업
034310.KS,,회사 본부 및 경영 컨설팅 서비스업
030190.KS,,기타 정보 서비스업
008260.KS,,1차 철강 제조업
004250.KS,,플라스틱제품 제조업
004255.KS,,
456040.KS,,기초 화학물질 제조업
010060.KS,,기타 금융업
178920.KS,,플라스틱제품 제조업
001340.KS,,기초 화학물질 제조업
005490.KS,,1차 철강 제조업
010950.KS,,석유 정제품 제조업
010955.KS,,
034120.KS,,텔레비전 방송업
003080.KS,,"비료, 농약 및 살균, 살충제 제조업"
005090.KS,,전기업
001380.KS,,자동차 신품 부품 제조업
004060.KS,,상품 종합 도매업
001770.KS,,1차 철강 제조업
002360.KS,,기초 화학물질 제조업
009160.KS,,1차 철강 제조업
033530.KS,,자동차 신품 부품 제조업
123700.KS,,자동차 신품 부품 제조업
025530.KS,,자동차 부품 및 내장품 판매업
034730.KS,,기타 금융업
011790.KS,,기타 화학제품 제조업
018670.KS,,기타 전문 도매업
001740.KS,,기타 전문 도매업
006120.KS,,기타 금융업
006125.KS,,
210980.KS,,부동산 임대 및 공급업
395400.KS,,부동산 임대 및 공급업
302440.KS,,기초 의약물질 제조업
326030.KS,,자연과학 및 공학 연구개발업
402340.KS,,기타 금융업
361610.KS,,일차전지 및 이차전지 제조업
100090.KS,,1차 철강 제조업
03473K.KS,,
096770.KS,,석유 정제품 제조업
096775.KS,,
475150.KS,,건물 건설업
001510.KS,,금융 지원 서비스업
001515.KS,,
285130.KS,,합성고무 및 플라스틱 물질 제조업
28513K.KS,,
017670.KS,,전기 통신업
000660.KS,,반도체 제조업
003570.KS,,자동차 신품 부품 제조업
064960.KS,,자동차 신품 부품 제조업
100840.KS,,일반 목적용 기계 제조업
036530.KS,,기타 금융업
000390.KS,,기타 화학제품 제조업
011810.KS,,상품 종합 도매업
465770.KS,,해상 운송업
077970.KS,,일반 목적용 기계 제조업
002820.KS,,플라스틱제품 제조업
002170.KS,,"가죽, 가방 및 유사제품 제조업"
084870.KS,,봉제의복 제조업
002710.KS,,1차 철강 제조업
069260.KS,,기타 화학제품 제조업
007980.KS,,봉제의복 제조업
002900.KS,,특수 목적용 기계 제조업
024070.KS,,플라스틱제품 제조업
037270.KS,,"자료처리, 호스팅, 포털 및 기타 인터넷 정보매개 서비스업"
139130.KS,,기타 금융업
000500.KS,,절연선 및 케이블 제조업
000860.KS,,기타 화학제품 제조업
035250.KS,,유원지 및 기타 오락관련 서비스업
011420.KS,,스포츠 서비스업
002100.KS,,"비료, 농약 및 살균, 살충제 제조업"
009450.KS,,가정용 기기 제조업
267290.KS,,연료용 가스 제조 및 배관공급업
012320.KS,,기타 금융업
000050.KS,,종합 소매업
214390.KS,,기초 의약물질 제조업
012610.KS,,기초 화학물질 제조업
009140.KS,,전자부품 제조업
013580.KS,,토목 건설업
012200.KS,,일반 목적용 기계 제조업
012205.KS,,
002140.KS,,"곡물가공품, 전분 및 전분제품 제조업"
010130.KS,,1차 비철금속 제조업
002240.KS,,1차 철강 제조업
009290.KS,,의약품 제조업
017040.KS,,"전동기, 발전기 및 전기 변환 · 공급 · 제어 장치 제조업"
017900.KS,,반도체 제조업
037710.KS,,종합 소매업
030610.KS,,금융 지원 서비스업
339770.KS,,음·식료품 및 담배 도매업
007690.KS,,기초 화학물질 제조업
002720.KS,,의약품 제조업
083420.KS,,기타 화학제품 제조업
014530.KS,,석유 정제품 제조업
014280.KS,,1차 철강 제조업
014285.KS,,
008870.KS,,유리 및 유리제품 제조업
001570.KS,,기초 화학물질 제조업
002990.KS,,건물 건설업
002995.KS,,
011780.KS,,기초 화학물질 제조업
011785.KS,,
214330.KS,,자동차 신품 부품 제조업
001210.KS,,전구 및 조명장치 제조업
073240.KS,,고무제품 제조업
092440.KS,,특수 목적용 기계 제조업
000270.KS,,자동차용 엔진 및 자동차 제조업
024110.KS,,은행 및 저축기관
013700.KS,,건물 건설업
004540.KS,,"펄프, 종이 및 판지 제조업"
004545.KS,,
001260.KS,,토목 건설업
008350.KS,,1차 비철금속 제조업
008355.KS,,
004270.KS,,기타 전문 도매업
003920.KS,,동·식물성 유지 및 낙농제품 제조업
003925.KS,,
025860.KS,,"비료, 농약 및 살균, 살충제 제조업"
005720.KS,,고무제품 제조업
005725.KS,,
002350.KS,,고무제품 제조업
002355.KS,,
092790.KS,,1차 철강 제조업
251270.KS,,소프트웨어 개발 및 공급업
090350.KS,,기타 화학제품 제조업
090355.KS,,
000320.KS,,기타 금융업
000325.KS,,
006280.KS,,의약품 제조업
005250.KS,,회사 본부 및 경영 컨설팅 서비스업
005257.KS,,
004370.KS,,기타 식품 제조업
072710.KS,,기타 금융업
058730.KS,,"구조용 금속제품, 탱크 및 증기발생기 제조업"
030210.KS,,금융 지원 서비스업
023590.KS,,"자료처리, 호스팅, 포털 및 기타 인터넷 정보매개 서비스업"
145210.KS,,특수 목적용 기계 제조업
483650.KS,,기타 화학제품 제조업
019680.KS,,초등 교육기관
019685.KS,,
006370.KS,,종합 소매업
008060.KS,,기타 금융업
00806K.KS,,
353200.KS,,전자부품 제조업
35320K.KS,,
000490.KS,,특수 목적용 기계 제조업
005750.KS,,"내화, 비내화 요업제품 제조업"
006570.KS,,기타 금속 가공제품 제조업
001680.KS,,기타 식품 제조업
001685.KS,,
084690.KS,,기타 금융업
084695.KS,,
128820.KS,,연료 소매업
117580.KS,,연료용 가스 제조 및 배관공급업
016710.KS,,회사 본부 및 경영 컨설팅 서비스업
0030R0.KS,,신탁업 및 집합투자업
003540.KS,,금융 지원 서비스업
003547.KS,,
003545.KS,,
009190.KS,,1차 철강 제조업
014160.KS,,"골판지, 종이 상자 및 종이용기 제조업"
047040.KS,,건물 건설업
003090.KS,,의약품 제조업
069620.KS,,의약품 제조업
000430.KS,,자동차 신품 부품 제조업
006340.KS,,절연선 및 케이블 제조업
006345.KS,,
003220.KS,,의약품 제조업
024890.KS,,플라스틱제품 제조업
012800.KS,,1차 비철금속 제조업
015230.KS,,자동차 신품 부품 제조업
001070.KS,,직물직조 및 직물제품 제조업
006650.KS,,기초 화학물질 제조업
001440.KS,,절연선 및 케이블 제조업
084010.KS,,1차 철강 제조업
001790.KS,,"곡물가공품, 전분 및 전분제품 제조업"
001795.KS,,
001130.KS,,"곡물가공품, 전분 및 전분제품 제조업"
439260.KS,,선박 및 보트 건조업
003490.KS,,항공 여객 운송업
003495.KS,,
005880.KS,,해상 운송업
003830.KS,,화학섬유 제조업
016090.KS,,봉제의복 제조업
069460.KS,,1차 비철금속 제조업
475560.KS,,상품 종합 도매업
192080.KS,,소프트웨어 개발 및 공급업
012510.KS,,"컴퓨터 프로그래밍, 시스템 통합 및 관리업"
004830.KS,,플라스틱제품 제조업
004835.KS,,
145720.KS,,의료용 기기 제조업
002150.KS,,"건축기술, 엔지니어링 및 관련 기술 서비스업"
460850.KS,,1차 철강 제조업
460860.KS,,1차 철강 제조업
001230.KS,,기타 금융업
023450.KS,,기초 화학물질 제조업
004140.KS,,기타 운송관련 서비스업
007590.KS,,"비료, 농약 및 살균, 살충제 제조업"
005960.KS,,토목 건설업
005965.KS,,
026960.KS,,음·식료품 및 담배 도매업
002210.KS,,의약품 제조업
102260.KS,,합성고무 및 플라스틱 물질 제조업
000640.KS,,기타 금융업
170900.KS,,의약품 제조업
028100.KS,,기반조성 및 시설물 축조관련 전문공사업
001520.KS,,"시멘트, 석회, 플라스터 및 그 제품 제조업"
001527.KS,,
084670.KS,,육상 여객 운송업
082640.KS,,보험업
001525.KS,,
018500.KS,,자동차 신품 부품 제조업
006040.KS,,기타 금융업
030720.KS,,어로 어업
014820.KS,,플라스틱제품 제조업
014825.KS,,
111380.KS,,"가죽, 가방 및 유사제품 제조업"
163560.KS,,고무제품 제조업
004890.KS,,1차 철강 제조업
002690.KS,,1차 철강 제조업
000020.KS,,의약품 제조업
000150.KS,,전자부품 제조업
000157.KS,,
454910.KS,,특수 목적용 기계 제조업
241560.KS,,특수 목적용 기계 제조업
034020.KS,,일반 목적용 기계 제조업
000155.KS,,
336260.KS,,"전동기, 발전기 및 전기 변환 · 공급 · 제어 장치 제조업"
33626K.KS,,
33626L.KS,,
016740.KS,,자동차 신품 부품 제조업
192650.KS,,전자부품 제조업
024090.KS,,1차 철강 제조업
003160.KS,,"측정, 시험, 항해, 제어 및 기타 정밀기기 제조업; 광학기기 제외"
092200.KS,,자동차 신품 부품 제조업
377190.KS,,부동산 임대 및 공급업
013570.KS,,기타 금융업
024900.KS,,자동차 신품 부품 제조업
002880.KS,,자동차 신품 부품 제조업
210540.KS,,특수 목적용 기계 제조업
032350.KS,,여행사 및 기타 여행보조 서비스업
089860.KS,,운송장비 임대업
330590.KS,,부동산 임대 및 공급업
000400.KS,,보험업
023530.KS,,종합 소매업
020150.KS,,전자부품 제조업
280360.KS,,기타 식품 제조업
286940.KS,,"컴퓨터 프로그래밍, 시스템 통합 및 관리업"
004000.KS,,기초 화학물질 제조업
004990.KS,,기타 금융업
00499K.KS,,
005300.KS,,비알코올음료 및 얼음 제조업
005305.KS,,
011170.KS,,기초 화학물질 제조업
071840.KS,,가전제품 및 정보통신장비 소매업
027740.KS,,"도축, 육류 가공 및 저장 처리업"
357430.KS,,부동산 임대 및 공급업
001080.KS,,1차 철강 제조업
088980.KS,,신탁업 및 집합투자업
094800.KS,,신탁업 및 집합투자업
138040.KS,,기타 금융업
090370.KS,,봉제의복 제조업
118000.KS,,기계장비 및 관련 물품 도매업
017180.KS,,의약품 제조업
009900.KS,,자동차 신품 부품 제조업
317450.KS,,의약품 제조업
012690.KS,,기타 종이 및 판지 제품 제조업
005360.KS,,생활용품 도매업
070960.KS,,일반 및 생활 숙박시설 운영업
009680.KS,,자동차 신품 부품 제조업
009580.KS,,"펄프, 종이 및 판지 제조업"
009200.KS,,"펄프, 종이 및 판지 제조업"
033920.KS,,알코올음료 제조업
008420.KS,,1차 철강 제조업
025560.KS,,"측정, 시험, 항해, 제어 및 기타 정밀기기 제조업; 광학기기 제외"
007120.KS,,"컴퓨터 프로그래밍, 시스템 통합 및 관리업"
396690.KS,,부동산 임대 및 공급업
357250.KS,,부동산 임대 및 공급업
085620.KS,,보험업
006800.KS,,금융 지원 서비스업
00680K.KS,,
006805.KS,,
081660.KS,,생활용품 도매업
002840.KS,,기타 화학제품 제조업
268280.KS,,기초 화학물질 제조업
107590.KS,,기타 금융업
134380.KS,,기타 화학제품 제조업
003650.KS,,석유 정제품 제조업
377740.KS,,의료용품 및 기타 의약 관련제품 제조업
003610.KS,,직물직조 및 직물제품 제조업
035150.KS,,플라스틱제품 제조업
002410.KS,,건물 건설업
007210.KS,,기타 비금속 광물제품 제조업
002760.KS,,기타 화학제품 제조업
003850.KS,,의약품 제조업
000890.KS,,알코올음료 제조업
003000.KS,,의약품 제조업
001270.KS,,금융 지원 서비스업
001275.KS,,
026940.KS,,1차 철강 제조업
011390.KS,,"시멘트, 석회, 플라스터 및 그 제품 제조업"
005030.KS,,자동차 신품 부품 제조업
006740.KS,,"골판지, 종이 상자 및 종이용기 제조업"
002070.KS,,봉제의복 제조업
100220.KS,,"서적, 잡지 및 기타 인쇄물 출판업"
090460.KS,,전자부품 제조업
005180.KS,,동·식물성 유지 및 낙농제품 제조업
003960.KS,,수산물 가공 및 저장 처리업
008040.KS,,"곡물가공품, 전분 및 전분제품 제조업"
007160.KS,,수산물 가공 및 저장 처리업
014710.KS,,수산물 가공 및 저장 처리업
006090.KS,,수산물 가공 및 저장 처리업
062040.KS,,"전동기, 발전기 및 전기 변환 · 공급 · 제어 장치 제조업"
005610.KS,,기타 식품 제조업
001470.KS,,토목 건설업
028050.KS,,"건축기술, 엔지니어링 및 관련 기술 서비스업"
448730.KS,,부동산 임대 및 공급업
006400.KS,,일차전지 및 이차전지 제조업
006405.KS,,
006660.KS,,자동차 신품 부품 제조업
028260.KS,,기타 전문 도매업
02826K.KS,,
207940.KS,,기초 의약물질 제조업
032830.KS,,보험업
018260.KS,,"컴퓨터 프로그래밍, 시스템 통합 및 관리업"
0126Z0.KS,,기타 금융업
009150.KS,,전자부품 제조업
009155.KS,,
005930.KS,,통신 및 방송 장비 제조업
005935.KS,,
001360.KS,,의약품 제조업
010140.KS,,선박 및 보트 건조업
016360.KS,,금융 지원 서비스업
068290.KS,,"서적, 잡지 및 기타 인쇄물 출판업"
029780.KS,,기타 금융업
000810.KS,,보험업
000815.KS,,
006110.KS,,1차 비철금속 제조업
0120G0.KS,,의약품 제조업
145990.KS,,기타 식품 제조업
145995.KS,,
003230.KS,,기타 식품 제조업
272550.KS,,플라스틱제품 제조업
000070.KS,,기타 금융업
003720.KS,,플라스틱제품 제조업
002810.KS,,기타 전문 도매업
005680.KS,,전자부품 제조업
023000.KS,,자동차 신품 부품 제조업
004380.KS,,일반 목적용 기계 제조업
002450.KS,,악기 제조업
004440.KS,,"시멘트, 석회, 플라스터 및 그 제품 제조업"
000520.KS,,의약품 제조업
009770.KS,,"펄프, 종이 및 판지 제조업"
005500.KS,,의약품 제조업
004690.KS,,연료용 가스 제조 및 배관공급업
010960.KS,,기반조성 및 시설물 축조관련 전문공사업
004450.KS,,기타 금속 가공제품 제조업
009470.KS,,전자부품 제조업
011230.KS,,영상 및 음향기기 제조업
001820.KS,,전자부품 제조업
001290.KS,,금융 지원 서비스업
041650.KS,,자동차 신품 부품 제조업
075180.KS,,자동차 신품 부품 제조업
007540.KS,,기타 금융업
248170.KS,,기타 식품 제조업
007860.KS,,기타 금융업
200880.KS,,자동차 신품 부품 제조업
017390.KS,,연료용 가스 제조 및 배관공급업
031210.KS,,보험업
004410.KS,,기타 식품 제조업
004415.KS,,
021050.KS,,금속 주조업
008490.KS,,기타 화학제품 제조업
007610.KS,,"전동기, 발전기 및 전기 변환 · 공급 · 제어 장치 제조업"
136490.KS,,동물용 사료 및 조제식품 제조업
014910.KS,,전자부품 제조업
014915.KS,,
004980.KS,,"시멘트, 석회, 플라스터 및 그 제품 제조업"
004985.KS,,
000180.KS,,회사 본부 및 경영 컨설팅 서비스업
002420.KS,,연료 소매업
004360.KS,,도로 화물 운송업
004365.KS,,
004490.KS,,일차전지 및 이차전지 제조업
001430.KS,,1차 철강 제조업
306200.KS,,1차 철강 제조업
003030.KS,,기타 금융업
058650.KS,,1차 철강 제조업
013000.KS,,기타 전문 도매업
021820.KS,,자동차 신품 부품 제조업
067830.KS,,종합 소매업
075580.KS,,선박 및 보트 건조업
068270.KS,,기초 의약물질 제조업
336370.KS,,전자부품 제조업
33637K.KS,,
33637L.KS,,
248070.KS,,전자부품 제조업
004430.KS,,기타 화학제품 제조업
017550.KS,,특수 목적용 기계 제조업
126720.KS,,전기 및 통신 공사업
053210.KS,,텔레비전 방송업
026890.KS,,신탁업 및 집합투자업
134790.KS,,가구 제조업
462870.KS,,소프트웨어 개발 및 공급업
016590.KS,,"골판지, 종이 상자 및 종이용기 제조업"
029530.KS,,컴퓨터 및 주변장치 제조업
004970.KS,,어로 어업
011930.KS,,반도체 제조업
004170.KS,,종합 소매업
035510.KS,,"컴퓨터 프로그래밍, 시스템 통합 및 관리업"
031430.KS,,"섬유, 의복, 신발 및 가죽제품 소매업"
031440.KS,,음식점업
006880.KS,,산업용 농·축산물 및 동·식물 도매업
005800.KS,,봉제의복 제조업
001720.KS,,금융 지원 서비스업
009270.KS,,봉제의복 제조업
002700.KS,,기계장비 및 관련 물품 도매업
002870.KS,,기타 전문 도매업
019170.KS,,의약품 제조업
019175.KS,,
481850.KS,,신탁업 및 집합투자업
404990.KS,,부동산 임대 및 공급업
293940.KS,,부동산 임대 및 공급업
055550.KS,,기타 금융업
004080.KS,,기계장비 및 관련 물품 도매업
004770.KS,,전자부품 제조업
403550.KS,,운송장비 임대업
004920.KS,,영상 및 음향기기 제조업
112610.KS,,"구조용 금속제품, 탱크 및 증기발생기 제조업"
480370.KS,,일반 목적용 기계 제조업
308170.KS,,자동차 신품 부품 제조업
008700.KS,,영상 및 음향기기 제조업
090430.KS,,기타 화학제품 제조업
090435.KS,,
002790.KS,,기타 화학제품 제조업
00279K.KS,,
002795.KS,,
002030.KS,,회사 본부 및 경영 컨설팅 서비스업
183190.KS,,"시멘트, 석회, 플라스터 및 그 제품 제조업"
002310.KS,,"골판지, 종이 상자 및 종이용기 제조업"
012170.KS,,"영화, 비디오물, 방송프로그램 제작 및 배급업"
267850.KS,,"컴퓨터 프로그래밍, 시스템 통합 및 관리업"
020560.KS,,항공 여객 운송업
122900.KS,,상품 종합 도매업
010780.KS,,"시멘트, 석회, 플라스터 및 그 제품 제조업"
031820.KS,,"컴퓨터 프로그래밍, 시스템 통합 및 관리업"
139990.KS,,1차 철강 제조업
009320.KS,,자동차 신품 부품 제조업
001780.KS,,1차 비철금속 제조업
018250.KS,,기타 화학제품 제조업
161000.KS,,기초 화학물질 제조업
011090.KS,,가구 제조업
137310.KS,,의료용 기기 제조업
005850.KS,,자동차 신품 부품 제조업
010580.KS,,자동차 신품 부품 제조업
012750.KS,,"경비, 경호 및 탐정업"
023960.KS,,토목 건설업
298690.KS,,항공 여객 운송업
140910.KS,,부동산 임대 및 공급업
078520.KS,,기타 화학제품 제조업
015260.KS,,전자부품 제조업
007460.KS,,의약품 제조업
003060.KS,,의약품 제조업
244920.KS,,보험 및 연금관련 서비스업
278470.KS,,기타 화학제품 제조업
450080.KS,,일차전지 및 이차전지 제조업
019490.KS,,영상 및 음향기기 제조업
085310.KS,,"구조용 금속제품, 탱크 및 증기발생기 제조업"
900140.KS,,자동차 판매업
066970.KS,,일차전지 및 이차전지 제조업
097520.KS,,영상 및 음향기기 제조업
484870.KS,,특수 목적용 기계 제조업
014440.KS,,플라스틱제품 제조업
111770.KS,,상품 종합 도매업
009970.KS,,기타 금융업
003520.KS,,의약품 제조업
000670.KS,,1차 비철금속 제조업
012280.KS,,자동차 신품 부품 제조업
012160.KS,,1차 철강 제조업
007310.KS,,기타 식품 제조업
002630.KS,,의약품 제조업
271560.KS,,기타 식품 제조업
001800.KS,,기타 금융업
005320.KS,,생활용품 도매업
011690.KS,,반도체 제조업
316140.KS,,기타 금융업
006980.KS,,"곡물가공품, 전분 및 전분제품 제조업"
011300.KS,,직물직조 및 직물제품 제조업
017370.KS,,특수 목적용 기계 제조업
105840.KS,,"측정, 시험, 항해, 제어 및 기타 정밀기기 제조업; 광학기기 제외"
010400.KS,,건물설비 설치 공사업
049800.KS,,특수 목적용 기계 제조업
016880.KS,,회사 본부 및 경영 컨설팅 서비스업
095720.KS,,초등 교육기관
005820.KS,,직물직조 및 직물제품 제조업
008600.KS,,생활용품 도매업
033270.KS,,의약품 제조업
014830.KS,,기초 화학물질 제조업
446070.KS,,제재 및 목재 가공업
000910.KS,,"시멘트, 석회, 플라스터 및 그 제품 제조업"
047400.KS,,"내화, 비내화 요업제품 제조업"
011330.KS,,자동차 신품 부품 제조업
077500.KS,,기계장비 및 관련 물품 도매업
002920.KS,,자동차 신품 부품 제조업
000700.KS,,회사 본부 및 경영 컨설팅 서비스업
003470.KS,,금융 지원 서비스업
003475.KS,,
072130.KS,,"자료처리, 호스팅, 포털 및 기타 인터넷 정보매개 서비스업"
000220.KS,,의약품 제조업
000225.KS,,
000227.KS,,
001200.KS,,금융 지원 서비스업
000100.KS,,의약품 제조업
000105.KS,,
003460.KS,,금융 지원 서비스업
003465.KS,,
008730.KS,,플라스틱제품 제조업
008250.KS,,나무제품 제조업
025820.KS,,1차 비철금속 제조업
214320.KS,,광고업
088260.KS,,부동산 임대 및 공급업
139480.KS,,종합 소매업
457190.KS,,기초 화학물질 제조업
007660.KS,,전자부품 제조업
005950.KS,,기초 화학물질 제조업
015020.KS,,부동산 임대 및 공급업
074610.KS,,일반 목적용 기계 제조업
102460.KS,,의약품 제조업
084680.KS,,귀금속 및 장신용품 제조업
350520.KS,,부동산 임대 및 공급업
334890.KS,,부동산 임대 및 공급업
000760.KS,,기타 전문 도매업
014990.KS,,봉제의복 제조업
101140.KS,,기계장비 및 관련 물품 도매업
006490.KS,,전기 통신업
023800.KS,,자동차 신품 부품 제조업
034590.KS,,연료용 가스 제조 및 배관공급업
129260.KS,,도로 화물 운송업
023810.KS,,자동차 신품 부품 제조업
249420.KS,,의약품 제조업
000230.KS,,의약품 제조업
013360.KS,,토목 건설업
003120.KS,,의약품 제조업
003200.KS,,방적 및 가공사 제조업
007110.KS,,"건축자재, 철물 및 난방장치 도매업"
007570.KS,,의약품 제조업
007575.KS,,
008500.KS,,편조원단 제조업
081000.KS,,기타 화학제품 제조업
020760.KS,,반도체 제조업
103590.KS,,절연선 및 케이블 제조업
271940.KS,,그외 기타 운송장비 제조업
015860.KS,,기타 금융업
226320.KS,,기타 화학제품 제조업
317400.KS,,부동산 임대 및 공급업
033240.KS,,전자부품 제조업
000950.KS,,방적 및 가공사 제조업
079900.KS,,특수 목적용 기계 제조업
348950.KS,,부동산 임대 및 공급업
194370.KS,,"가죽, 가방 및 유사제품 제조업"
030000.KS,,광고업
271980.KS,,의약품 제조업
001560.KS,,기타 비금속 광물제품 제조업
002620.KS,,회사 본부 및 경영 컨설팅 서비스업
006220.KS,,은행 및 저축기관
089590.KS,,항공 여객 운송업
004910.KS,,기타 화학제품 제조업
004700.KS,,"가죽, 가방 및 유사제품 제조업"
001550.KS,,"비료, 농약 및 살균, 살충제 제조업"
462520.KS,,"내화, 비내화 요업제품 제조업"
120030.KS,,기타 금속 가공제품 제조업
018470.KS,,1차 비철금속 제조업
002600.KS,,기타 식품 제조업
185750.KS,,의약품 제조업
063160.KS,,의약품 제조업
001630.KS,,의약품 제조업
109070.KS,,통신 및 방송 장비 제조업
044380.KS,,컴퓨터 및 주변장치 제조업
013890.KS,,가구 제조업
013870.KS,,자동차 신품 부품 제조업
071320.KS,,"증기, 냉·온수 및 공기조절 공급업"
088790.KS,,기타 전문 도매업
003780.KS,,플라스틱제품 제조업
010640.KS,,플라스틱제품 제조업
100250.KS,,플라스틱제품 제조업
051630.KS,,플라스틱제품 제조업
272450.KS,,항공 여객 운송업
011000.KS,,의약품 제조업
002780.KS,,토목 건설업
002787.KS,,
002785.KS,,
025620.KS,,기타 화학제품 제조업
009310.KS,,특수 목적용 기계 제조업
000650.KS,,육상 여객 운송업
033250.KS,,자동차 신품 부품 제조업
035720.KS,,"자료처리, 호스팅, 포털 및 기타 인터넷 정보매개 서비스업"
323410.KS,,은행 및 저축기관
377300.KS,,금융 지원 서비스업
006380.KS,,기초 화학물질 제조업
279570.KS,,은행 및 저축기관
001620.KS,,자동차 신품 부품 제조업
029460.KS,,"측정, 시험, 항해, 제어 및 기타 정밀기기 제조업; 광학기기 제외"
281820.KS,,"측정, 시험, 항해, 제어 및 기타 정밀기기 제조업; 광학기기 제외"
381970.KS,,자동차 판매업
145270.KS,,부동산 임대 및 공급업
417310.KS,,부동산 임대 및 공급업
357120.KS,,부동산 임대 및 공급업
007815.KS,,
007810.KS,,전자부품 제조업
00781K.KS,,
003690.KS,,재 보험업
192820.KS,,기타 화학제품 제조업
044820.KS,,기타 금융업
005070.KS,,기타 화학제품 제조업
005420.KS,,기타 화학제품 제조업
071950.KS,,가구 제조업
002020.KS,,기타 금융업
003070.KS,,토목 건설업
003075.KS,,
002025.KS,,
120110.KS,,화학섬유 제조업
120115.KS,,
021240.KS,,그외 기타 개인 서비스업
036420.KS,,"영화, 비디오물, 방송프로그램 제작 및 배급업"
024720.KS,,기타 금융업
192400.KS,,기타 금융업
284740.KS,,개인 및 가정용품 임대업
264900.KS,,"떡, 빵 및 과자류 제조업"
26490K.KS,,
005740.KS,,기타 금융업
005745.KS,,
259960.KS,,소프트웨어 개발 및 공급업
020120.KS,,"자료처리, 호스팅, 포털 및 기타 인터넷 정보매개 서비스업"
039490.KS,,금융 지원 서비스업
014580.KS,,"시멘트, 석회, 플라스터 및 그 제품 제조업"
015890.KS,,기초 화학물질 제조업
006890.KS,,기초 화학물질 제조업
003240.KS,,화학섬유 제조업
011280.KS,,"골판지, 종이 상자 및 종이용기 제조업"
004100.KS,,자동차 신품 부품 제조업
004105.KS,,
009410.KS,,토목 건설업
009415.KS,,
001420.KS,,자동차 신품 부품 제조업
055490.KS,,플라스틱제품 제조업
078000.KS,,"자료처리, 호스팅, 포털 및 기타 인터넷 정보매개 서비스업"
214420.KS,,기타 화학제품 제조업
091810.KS,,항공 여객 운송업
019180.KS,,기타 전기장비 제조업
217590.KS,,절연선 및 케이블 제조업
363280.KS,,기타 금융업
36328K.KS,,
004870.KS,,"시멘트, 석회, 플라스터 및 그 제품 제조업"
034230.KS,,유원지 및 기타 오락관련 서비스업
005690.KS,,전자부품 제조업
036580.KS,,"곡물가공품, 전분 및 전분제품 제조업"
004720.KS,,의약품 제조업
028670.KS,,해상 운송업
010820.KS,,무기 및 총포탄 제조업
016800.KS,,가구 제조업
001020.KS,,"펄프, 종이 및 판지 제조업"
090080.KS,,자동차 신품 부품 제조업
010770.KS,,자동차 신품 부품 제조업
022100.KS,,"건축기술, 엔지니어링 및 관련 기술 서비스업"
058430.KS,,1차 철강 제조업
047050.KS,,상품 중개업
003670.KS,,일차전지 및 이차전지 제조업
017810.KS,,기타 식품 제조업
103140.KS,,1차 비철금속 제조업
005810.KS,,기타 금융업
950210.KS,,자연과학 및 공학 연구개발업
009810.KS,,기타 전문 도매업
086790.KS,,기타 금융업
293480.KS,,의약품 제조업
039130.KS,,여행사 및 기타 여행보조 서비스업
352820.KS,,오디오물 출판 및 원판 녹음업
071090.KS,,1차 철강 제조업
000080.KS,,알코올음료 제조업
000087.KS,,
000140.KS,,기타 금융업
000145.KS,,
036460.KS,,연료용 가스 제조 및 배관공급업
005430.KS,,기타 운송관련 서비스업
071050.KS,,기타 금융업
071055.KS,,
010040.KS,,"내화, 비내화 요업제품 제조업"
025540.KS,,"전동기, 발전기 및 전기 변환 · 공급 · 제어 장치 제조업"
010100.KS,,자동차 신품 부품 제조업
004090.KS,,기타 비금속 광물제품 제조업
002200.KS,,"골판지, 종이 상자 및 종이용기 제조업"
002960.KS,,석유 정제품 제조업
000240.KS,,기타 금융업
123890.KS,,신탁업 및 집합투자업
015760.KS,,전기업
006200.KS,,기타 금융업
027970.KS,,"펄프, 종이 및 판지 제조업"
023350.KS,,"건축기술, 엔지니어링 및 관련 기술 서비스업"
025890.KS,,특수 목적용 기계 제조업
000970.KS,,1차 철강 제조업
104700.KS,,1차 철강 제조업
017960.KS,,"구조용 금속제품, 탱크 및 증기발생기 제조업"
161890.KS,,기타 화학제품 제조업
161390.KS,,고무제품 제조업
034830.KS,,신탁업 및 집합투자업
007280.KS,,1차 철강 제조업
047810.KS,,"항공기,우주선 및 부품 제조업"
123690.KS,,생활용품 도매업
003350.KS,,기타 화학제품 제조업
011500.KS,,기타 화학제품 제조업
002390.KS,,의약품 제조업
053690.KS,,"건축기술, 엔지니어링 및 관련 기술 서비스업"
042700.KS,,특수 목적용 기계 제조업
008930.KS,,기타 금융업
128940.KS,,의약품 제조업
009240.KS,,생활용품 도매업
020000.KS,,봉제의복 제조업
003680.KS,,수산물 가공 및 저장 처리업
105630.KS,,봉제의복 제조업
069640.KS,,"섬유, 의복, 신발 및 가죽제품 소매업"
016450.KS,,봉제의복 제조업
009180.KS,,기타 운송관련 서비스업
213500.KS,,"펄프, 종이 및 판지 제조업"
014680.KS,,기초 화학물질 제조업
004710.KS,,전자부품 제조업
004150.KS,,기타 금융업
025750.KS,,제재 및 목재 가공업
004960.KS,,건물 건설업
011700.KS,,일반 목적용 기계 제조업
001750.KS,,금융 지원 서비스업
001755.KS,,
018880.KS,,일반 목적용 기계 제조업
009420.KS,,의약품 제조업
014130.KS,,도로 화물 운송업
300720.KS,,"시멘트, 석회, 플라스터 및 그 제품 제조업"
002220.KS,,1차 철강 제조업
003300.KS,,"시멘트, 석회, 플라스터 및 그 제품 제조업"
051600.KS,,전기 및 통신 공사업
052690.KS,,"건축기술, 엔지니어링 및 관련 기술 서비스업"
130660.KS,,"건축기술, 엔지니어링 및 관련 기술 서비스업"
002320.KS,,도로 화물 운송업
003480.KS,,연료용 가스 제조 및 배관공급업
180640.KS,,기타 금융업
18064K.KS,,
005110.KS,,기계장비 및 관련 물품 도매업
009460.KS,,"펄프, 종이 및 판지 제조업"
372910.KS,,의료용 기기 제조업
000880.KS,,기타 화학제품 제조업
00088K.KS,,
452260.KS,,종합 소매업
45226K.KS,,
451800.KS,,부동산 임대 및 공급업
489790.KS,,통신 및 방송 장비 제조업
088350.KS,,보험업
000370.KS,,보험업
009830.KS,,기초 화학물질 제조업
009835.KS,,
272210.KS,,전자부품 제조업
012450.KS,,"항공기,우주선 및 부품 제조업"
082740.KS,,일반 목적용 기계 제조업
042660.KS,,선박 및 보트 건조업
003530.KS,,금융 지원 서비스업
003535.KS,,
195870.KS,,전자부품 제조업
101530.KS,,기타 식품 제조업
143210.KS,,자동차 신품 부품 제조업
000720.KS,,토목 건설업
000725.KS,,
453340.KS,,종합 소매업
086280.KS,,기타 운송관련 서비스업
064350.KS,,그외 기타 운송장비 제조업
079430.KS,,가구 제조업
012330.KS,,자동차 신품 부품 제조업
069960.KS,,종합 소매업
004560.KS,,1차 철강 제조업
004310.KS,,의약품 제조업
017800.KS,,일반 목적용 기계 제조업
307950.KS,,소프트웨어 개발 및 공급업
011210.KS,,자동차 신품 부품 제조업
004020.KS,,1차 철강 제조업
005440.KS,,기타 금융업
005380.KS,,자동차용 엔진 및 자동차 제조업
005387.KS,,
005389.KS,,
005385.KS,,
001500.KS,,금융 지원 서비스업
011760.KS,,상품 종합 도매업
227840.KS,,음·식료품 및 담배 도매업
126560.KS,,전기 통신업
001450.KS,,보험업
057050.KS,,무점포 소매업
093240.KS,,봉제의복 제조업
003010.KS,,기계장비 및 관련 물품 도매업
111110.KS,,봉제의복 제조업
008770.KS,,기타 상품 전문 소매업
008775.KS,,
378850.KS,,자동차 신품 부품 제조업
241590.KS,,신발 및 신발 부분품 제조업
006060.KS,,상품 종합 도매업
013520.KS,,자동차 신품 부품 제조업
010690.KS,,자동차 신품 부품 제조업
133820.KS,,1차 철강 제조업
010660.KS,,특수 목적용 기계 제조업
000850.KS,,특수 목적용 기계 제조업
016580.KS,,의약품 제조업
032560.KS,,1차 비철금속 제조업
004800.KS,,기타 금융업
094280.KS,,기타 사업지원 서비스업
298040.KS,,"전동기, 발전기 및 전기 변환 · 공급 · 제어 장치 제조업"
298020.KS,,화학섬유 제조업
298000.KS,,기초 화학물질 제조업
093370.KS,,기초 화학물질 제조업
005870.KS,,통신 및 방송 장비 제조업
079980.KS,,화학섬유 제조업
005010.KS,,1차 철강 제조업
000540.KS,,보험업
000545.KS,,
003280.KS,,해상 운송업
060310.KQ,벤처기업부,"측정, 시험, 항해, 제어 및 기타 정밀기기 제조업; 광학기기 제외"
054620.KQ,중견기업부,기타 금융업
079810.KQ,우량기업부,기타 전기장비 제조업
265520.KQ,우량기업부,특수 목적용 기계 제조업
211270.KQ,우량기업부,통신 및 방송 장비 제조업
126600.KQ,우량기업부,합성고무 및 플라스틱 물질 제조업
083790.KQ,벤처기업부,자연과학 및 공학 연구개발업
311690.KQ,기술성장기업부,자연과학 및 공학 연구개발업
051500.KQ,우량기업부,음·식료품 및 담배 도매업
058820.KQ,중견기업부,의약품 제조업
056730.KQ,중견기업부,건물 건설업
065770.KQ,벤처기업부,통신 및 방송 장비 제조업
083660.KQ,중견기업부,기타 화학제품 제조업
477760.KQ,SPAC(소속부없음),기타 금융업
099520.KQ,관리종목(소속부없음),영상 및 음향기기 제조업
290120.KQ,중견기업부,자동차 신품 부품 제조업
025440.KQ,투자주의환기종목(소속부없음),영상 및 음향기기 제조업
068790.KQ,우량기업부,특수 목적용 기계 제조업
241520.KQ,중견기업부,신탁업 및 집합투자업
180400.KQ,관리종목(소속부없음),기타 과학기술 서비스업
418620.KQ,기술성장기업부,소프트웨어 개발 및 공급업
245620.KQ,관리종목(소속부없음),자연과학 및 공학 연구개발업
037370.KQ,벤처기업부,기초 화학물질 제조업
050120.KQ,중견기업부,생활용품 도매업
214270.KQ,중견기업부,소프트웨어 개발 및 공급업
032620.KQ,우량기업부,소프트웨어 개발 및 공급업
130500.KQ,중견기업부,기타 섬유제품 제조업
900290.KQ,외국기업(소속부없음),기타 금융업
083450.KQ,우량기업부,특수 목적용 기계 제조업
297890.KQ,우량기업부,특수 목적용 기계 제조업
440290.KQ,중견기업부,기타 금융업
078150.KQ,우량기업부,특수 목적용 기계 제조업
225530.KQ,우량기업부,기타 비금속 광물제품 제조업
060560.KQ,중견기업부,기타 전문 도매업
376270.KQ,기술성장기업부,자연과학 및 공학 연구개발업
028300.KQ,중견기업부,의료용품 및 기타 의약 관련제품 제조업
278650.KQ,중견기업부,자연과학 및 공학 연구개발업
067630.KQ,투자주의환기종목(소속부없음),의료용품 및 기타 의약 관련제품 제조업
024850.KQ,중견기업부,전자부품 제조업
187420.KQ,기술성장기업부,기초 의약물질 제조업
047920.KQ,기술성장기업부,자연과학 및 공학 연구개발업
115450.KQ,중견기업부,기타 전문 도매업
046210.KQ,벤처기업부,의료용품 및 기타 의약 관련제품 제조업
196300.KQ,관리종목(소속부없음),기초 의약물질 제조업
036640.KQ,우량기업부,합성고무 및 플라스틱 물질 제조업
467930.KQ,SPAC(소속부없음),금융 지원 서비스업
469480.KQ,SPAC(소속부없음),금융 지원 서비스업
0099X0.KQ,SPAC(소속부없음),금융 지원 서비스업
950170.KQ,외국기업(소속부없음),종합 소매업
067290.KQ,중견기업부,의약품 제조업
318000.KQ,벤처기업부,합성고무 및 플라스틱 물질 제조업
024840.KQ,중견기업부,1차 비철금속 제조업
024120.KQ,중견기업부,자동차 신품 부품 제조업
464680.KQ,관리종목(소속부없음),금융 지원 서비스업
478390.KQ,SPAC(소속부없음),금융 지원 서비스업
486630.KQ,SPAC(소속부없음),금융 지원 서비스업
492220.KQ,SPAC(소속부없음),금융 지원 서비스업
0037T0.KQ,SPAC(소속부없음),금융 지원 서비스업
0072Z0.KQ,SPAC(소속부없음),금융 지원 서비스업
021320.KQ,우량기업부,건물 건설업
044180.KQ,관리종목(소속부없음),건물 건설업
151860.KQ,우량기업부,자동차 차체나 트레일러 제조업
035600.KQ,우량기업부,소프트웨어 개발 및 공급업
046440.KQ,우량기업부,소프트웨어 개발 및 공급업
060720.KQ,중견기업부,전자부품 제조업
058400.KQ,우량기업부,텔레비전 방송업
101000.KQ,중견기업부,특수 목적용 기계 제조업
089600.KQ,우량기업부,광고업
418470.KQ,우량기업부,"서적, 잡지 및 기타 인쇄물 출판업"
043610.KQ,중견기업부,영상·오디오물 제공 서비스업
122450.KQ,중견기업부,텔레비전 방송업
052900.KQ,우량기업부,플라스틱제품 제조업
036560.KQ,우량기업부,일반 목적용 기계 제조업
061970.KQ,중견기업부,반도체 제조업
309960.KQ,중견기업부,기타 금융업
073490.KQ,우량기업부,통신 및 방송 장비 제조업
225190.KQ,중견기업부,사진장비 및 광학기기 제조업
060370.KQ,우량기업부,전기 및 통신 공사업
417200.KQ,중견기업부,전자부품 제조업
078020.KQ,우량기업부,금융 지원 서비스업
322180.KQ,벤처기업부,소프트웨어 개발 및 공급업
476080.KQ,중견기업부,"영화, 비디오물, 방송프로그램 제작 및 배급업"
086960.KQ,우량기업부,소프트웨어 개발 및 공급업
160550.KQ,중견기업부,"영화, 비디오물, 방송프로그램 제작 및 배급업"
053290.KQ,중견기업부,"서적, 잡지 및 기타 인쇄물 출판업"
060250.KQ,우량기업부,금융 지원 서비스업
104200.KQ,중견기업부,기타 정보 서비스업
054050.KQ,우량기업부,작물 재배업
063570.KQ,우량기업부,기타 사업지원 서비스업
222160.KQ,관리종목(소속부없음),특수 목적용 기계 제조업
024940.KQ,벤처기업부,생활용품 도매업
332570.KQ,우량기업부,전자부품 제조업
218410.KQ,우량기업부,통신 및 방송 장비 제조업
327260.KQ,벤처기업부,전자부품 제조업
474610.KQ,벤처기업부,기타 금속 가공제품 제조업
091340.KQ,중견기업부,전자부품 제조업
419530.KQ,기술성장기업부,"영화, 비디오물, 방송프로그램 제작 및 배급업"
019550.KQ,중견기업부,신탁업 및 집합투자업
246960.KQ,기술성장기업부,의료용품 및 기타 의약 관련제품 제조업
099220.KQ,중견기업부,기계장비 및 관련 물품 도매업
036540.KQ,중견기업부,반도체 제조업
255220.KQ,중견기업부,기타 비금속 광물제품 제조업
040610.KQ,중견기업부,자동차 신품 부품 제조업
184230.KQ,벤처기업부,소프트웨어 개발 및 공급업
016250.KQ,중견기업부,건물 건설업
357880.KQ,기술성장기업부,소프트웨어 개발 및 공급업
048550.KQ,중견기업부,광고업
063440.KQ,중견기업부,기록매체 복제업
289080.KQ,중견기업부,기타 금융업
041930.KQ,우량기업부,고무제품 제조업
013720.KQ,중견기업부,자동차 신품 부품 제조업
089230.KQ,중견기업부,기타 정보 서비스업
032540.KQ,우량기업부,영상 및 음향기기 제조업
048770.KQ,벤처기업부,일반 목적용 기계 제조업
246690.KQ,중견기업부,신탁업 및 집합투자업
317240.KQ,벤처기업부,기타 화학제품 제조업
057030.KQ,중견기업부,교육지원 서비스업
040300.KQ,중견기업부,"영화, 비디오물, 방송프로그램 제작 및 배급업"
051390.KQ,중견기업부,상품 종합 도매업
052220.KQ,중견기업부,영상·오디오물 제공 서비스업
079940.KQ,우량기업부,소프트웨어 개발 및 공급업
078890.KQ,중견기업부,통신 및 방송 장비 제조업
399720.KQ,벤처기업부,반도체 제조업
036620.KQ,우량기업부,기타 전문 도매업
198440.KQ,중견기업부,"시멘트, 석회, 플라스터 및 그 제품 제조업"
217730.KQ,기술성장기업부,기초 의약물질 제조업
114190.KQ,중견기업부,기타 전기장비 제조업
094480.KQ,우량기업부,소프트웨어 개발 및 공급업
039240.KQ,우량기업부,1차 철강 제조업
053950.KQ,중견기업부,의약품 제조업
011040.KQ,중견기업부,의약품 제조업
024910.KQ,중견기업부,자동차 신품 부품 제조업
049720.KQ,우량기업부,기타 사업지원 서비스업
014570.KQ,중견기업부,의약품 제조업
348150.KQ,기술성장기업부,자연과학 및 공학 연구개발업
950190.KQ,외국기업(소속부없음),소프트웨어 개발 및 공급업
098460.KQ,우량기업부,특수 목적용 기계 제조업
035290.KQ,중견기업부,"서적, 잡지 및 기타 인쇄물 출판업"
121440.KQ,우량기업부,상품 중개업
366030.KQ,중견기업부,의복 액세서리 제조업
029480.KQ,중견기업부,통신 및 방송 장비 제조업
026910.KQ,관리종목(소속부없음),1차 철강 제조업
465320.KQ,SPAC(소속부없음),금융 지원 서비스업
482520.KQ,SPAC(소속부없음),금융 지원 서비스업
489210.KQ,SPAC(소속부없음),금융 지원 서비스업
0041B0.KQ,SPAC(소속부없음),금융 지원 서비스업
0098T0.KQ,SPAC(소속부없음),금융 지원 서비스업
0132G0.KQ,SPAC(소속부없음),기타 금융업
053270.KQ,우량기업부,자동차 신품 부품 제조업
066620.KQ,우량기업부,실내건축 및 건축마무리 공사업
043650.KQ,중견기업부,알코올음료 제조업
006050.KQ,중견기업부,유리 및 유리제품 제조업
060480.KQ,중견기업부,1차 비철금속 제조업
078130.KQ,중견기업부,기타 종이 및 판지 제품 제조업
307750.KQ,중견기업부,의약품 제조업
035080.KQ,중견기업부,무점포 소매업
318060.KQ,기술성장기업부,합성고무 및 플라스틱 물질 제조업
453450.KQ,중견기업부,"그외 기타 전문, 과학 및 기술 서비스업"
204020.KQ,우량기업부,봉제의복 제조업
0015G0.KQ,기술성장기업부,사진장비 및 광학기기 제조업
402490.KQ,기술성장기업부,반도체 제조업
114450.KQ,벤처기업부,기초 의약물질 제조업
186230.KQ,벤처기업부,1차 비철금속 제조업
900070.KQ,외국기업(소속부없음),기타 금융업
204620.KQ,우량기업부,금융 지원 서비스업
019660.KQ,중견기업부,상품 종합 도매업
053260.KQ,우량기업부,1차 철강 제조업
282720.KQ,중견기업부,전기 및 통신 공사업
036190.KQ,우량기업부,전기 및 통신 공사업
049080.KQ,벤처기업부,전자부품 제조업
420770.KQ,우량기업부,특수 목적용 기계 제조업
035460.KQ,벤처기업부,통신 및 방송 장비 제조업
407400.KQ,벤처기업부,가구 제조업
187790.KQ,벤처기업부,기초 화학물질 제조업
121600.KQ,우량기업부,기타 화학제품 제조업
286750.KQ,투자주의환기종목(소속부없음),기초 화학물질 제조업
247660.KQ,기술성장기업부,전자부품 제조업
039860.KQ,중견기업부,의료용 기기 제조업
091970.KQ,중견기업부,플라스틱제품 제조업
417010.KQ,벤처기업부,일반 목적용 기계 제조업
405920.KQ,중견기업부,음·식료품 및 담배 도매업
478340.KQ,기술성장기업부,"항공기,우주선 및 부품 제조업"
051490.KQ,우량기업부,특수 목적용 기계 제조업
137080.KQ,중견기업부,특수 목적용 기계 제조업
190510.KQ,우량기업부,전자부품 제조업
242040.KQ,기술성장기업부,소프트웨어 개발 및 공급업
293580.KQ,중견기업부,기타 금융업
459510.KQ,기술성장기업부,특수 목적용 기계 제조업
138610.KQ,기술성장기업부,의료용품 및 기타 의약 관련제품 제조업
130580.KQ,우량기업부,기타 사업지원 서비스업
036800.KQ,우량기업부,전기 통신업
267320.KQ,벤처기업부,특수 목적용 기계 제조업
111710.KQ,중견기업부,스포츠 서비스업
091590.KQ,중견기업부,건물 건설업
168330.KQ,투자주의환기종목(소속부없음),자연과학 및 공학 연구개발업
094860.KQ,중견기업부,소프트웨어 개발 및 공급업
253590.KQ,우량기업부,특수 목적용 기계 제조업
212560.KQ,우량기업부,자동차 신품 부품 제조업
095660.KQ,우량기업부,소프트웨어 개발 및 공급업
042420.KQ,우량기업부,소프트웨어 개발 및 공급업
950220.KQ,기술성장기업부,자연과학 및 공학 연구개발업
311390.KQ,벤처기업부,기타 식품 제조업
085910.KQ,중견기업부,자동차 신품 부품 제조업
092730.KQ,우량기업부,기타 화학제품 제조업
153460.KQ,중견기업부,소프트웨어 개발 및 공급업
007390.KQ,중견기업부,기초 의약물질 제조업
033640.KQ,중견기업부,반도체 제조업
330860.KQ,중견기업부,"그외 기타 전문, 과학 및 기술 서비스업"
351320.KQ,중견기업부,특수 목적용 기계 제조업
089140.KQ,벤처기업부,특수 목적용 기계 제조업
389650.KQ,기술성장기업부,의료용 기기 제조업
137940.KQ,중견기업부,"측정, 시험, 항해, 제어 및 기타 정밀기기 제조업; 광학기기 제외"
396270.KQ,벤처기업부,반도체 제조업
225570.KQ,중견기업부,소프트웨어 개발 및 공급업
205500.KQ,중견기업부,소프트웨어 개발 및 공급업
217270.KQ,중견기업부,소프트웨어 개발 및 공급업
104620.KQ,중견기업부,여행사 및 기타 여행보조 서비스업
473980.KQ,기술성장기업부,창작 및 예술관련 서비스업
194700.KQ,우량기업부,기타 식품 제조업
285490.KQ,벤처기업부,그외 기타 제품 제조업
145170.KQ,중견기업부,편조의복 제조업
106520.KQ,투자주의환기종목(소속부없음),사진장비 및 광학기기 제조업
376930.KQ,기술성장기업부,의료용 기기 제조업
486990.KQ,기술성장기업부,소프트웨어 개발 및 공급업
142280.KQ,중견기업부,의료용품 및 기타 의약 관련제품 제조업
234690.KQ,우량기업부,의약품 제조업
069140.KQ,벤처기업부,"구조용 금속제품, 탱크 및 증기발생기 제조업"
040160.KQ,중견기업부,소프트웨어 개발 및 공급업
332290.KQ,벤처기업부,"비료, 농약 및 살균, 살충제 제조업"
348340.KQ,기술성장기업부,특수 목적용 기계 제조업
380550.KQ,기술성장기업부,소프트웨어 개발 및 공급업
060260.KQ,벤처기업부,플라스틱제품 제조업
463020.KQ,기술성장기업부,소프트웨어 개발 및 공급업
123840.KQ,투자주의환기종목(소속부없음),기타 식품 제조업
012340.KQ,투자주의환기종목(소속부없음),자동차 신품 부품 제조업
462310.KQ,중견기업부,봉제의복 제조업
270870.KQ,중견기업부,기타 식품 제조업
144960.KQ,우량기업부,특수 목적용 기계 제조업
085670.KQ,우량기업부,전자부품 제조업
064260.KQ,중견기업부,소프트웨어 개발 및 공급업
340360.KQ,투자주의환기종목(소속부없음),통신 및 방송 장비 제조업
039560.KQ,중견기업부,통신 및 방송 장비 제조업
208860.KQ,벤처기업부,소프트웨어 개발 및 공급업
154040.KQ,중견기업부,전자부품 제조업
032190.KQ,우량기업부,기계장비 및 관련 물품 도매업
323350.KQ,기술성장기업부,특수 목적용 기계 제조업
068240.KQ,관리종목(소속부없음),"전동기, 발전기 및 전기 변환 · 공급 · 제어 장치 제조업"
290660.KQ,기술성장기업부,의료용 기기 제조업
464580.KQ,기술성장기업부,"영화, 비디오물, 방송프로그램 제작 및 배급업"
020400.KQ,중견기업부,금속 주조업
008830.KQ,중견기업부,특수 목적용 기계 제조업
048470.KQ,중견기업부,기타 전문 도매업
004780.KQ,우량기업부,기타 금속 가공제품 제조업
017650.KQ,우량기업부,기타 종이 및 판지 제품 제조업
389260.KQ,우량기업부,건물 건설업
317850.KQ,벤처기업부,특수 목적용 기계 제조업
290670.KQ,중견기업부,기타 전기장비 제조업
078140.KQ,우량기업부,의약품 제조업
065150.KQ,관리종목(소속부없음),음·식료품 및 담배 도매업
036480.KQ,중견기업부,의약품 제조업
027830.KQ,중견기업부,신탁업 및 집합투자업
129920.KQ,벤처기업부,특수 목적용 기계 제조업
471050.KQ,SPAC(소속부없음),금융 지원 서비스업
482690.KQ,SPAC(소속부없음),금융 지원 서비스업
020180.KQ,중견기업부,"컴퓨터 프로그래밍, 시스템 통합 및 관리업"
045390.KQ,우량기업부,기타 전기장비 제조업
108380.KQ,우량기업부,선박 및 보트 건조업
007680.KQ,중견기업부,건물 건설업
048910.KQ,우량기업부,기타 전문 도매업
005710.KQ,우량기업부,자동차 신품 부품 제조업
120240.KQ,우량기업부,기초 화학물질 제조업
003310.KQ,우량기업부,동물용 사료 및 조제식품 제조업
078600.KQ,우량기업부,전자부품 제조업
393970.KQ,관리종목(소속부없음),플라스틱제품 제조업
096350.KQ,벤처기업부,"구조용 금속제품, 탱크 및 증기발생기 제조업"
140520.KQ,중견기업부,1차 철강 제조업
131220.KQ,벤처기업부,기계장비 및 관련 물품 도매업
010170.KQ,중견기업부,절연선 및 케이블 제조업
054670.KQ,우량기업부,의약품 제조업
023910.KQ,우량기업부,의약품 제조업
021040.KQ,중견기업부,1차 철강 제조업
021045.KQ,중견기업부,
067080.KQ,중견기업부,의약품 제조업
298540.KQ,우량기업부,의복 액세서리 제조업
032860.KQ,중견기업부,"해체, 선별 및 원료 재생업"
299170.KQ,중견기업부,생활용품 도매업
462860.KQ,벤처기업부,전기 통신업
224060.KQ,투자주의환기종목(소속부없음),전자부품 제조업
043090.KQ,투자주의환기종목(소속부없음),기타 전문 도매업
403850.KQ,중견기업부,"영화, 비디오물, 방송프로그램 제작 및 배급업"
317330.KQ,중견기업부,기타 화학제품 제조업
077360.KQ,벤처기업부,반도체 제조업
090410.KQ,우량기업부,"구조용 금속제품, 탱크 및 증기발생기 제조업"
0001A0.KQ,중견기업부,연료용 가스 제조 및 배관공급업
263600.KQ,중견기업부,전자부품 제조업
194480.KQ,벤처기업부,소프트웨어 개발 및 공급업
373160.KQ,기술성장기업부,기타 교육기관
263800.KQ,중견기업부,기계장비 및 관련 물품 도매업
206560.KQ,기술성장기업부,"영화, 비디오물, 방송프로그램 제작 및 배급업"
261200.KQ,중견기업부,의료용 기기 제조업
484120.KQ,중견기업부,전자부품 제조업
067990.KQ,우량기업부,자동차 판매업
006620.KQ,우량기업부,의약품 제조업
100130.KQ,중견기업부,"구조용 금속제품, 탱크 및 증기발생기 제조업"
005160.KQ,중견기업부,1차 철강 제조업
303810.KQ,중견기업부,의약품 제조업
075970.KQ,중견기업부,기타 비금속 광물제품 제조업
240550.KQ,중견기업부,의료용 기기 제조업
099410.KQ,벤처기업부,선박 및 보트 건조업
033500.KQ,우량기업부,기초 화학물질 제조업
025950.KQ,우량기업부,토목 건설업
088130.KQ,우량기업부,특수 목적용 기계 제조업
060380.KQ,중견기업부,1차 철강 제조업
079960.KQ,우량기업부,"전동기, 발전기 및 전기 변환 · 공급 · 제어 장치 제조업"
228340.KQ,중견기업부,"시멘트, 석회, 플라스터 및 그 제품 제조업"
088910.KQ,우량기업부,"도축, 육류 가공 및 저장 처리업"
094170.KQ,우량기업부,반도체 제조업
013120.KQ,우량기업부,건물 건설업
109860.KQ,우량기업부,금속 주조업
032960.KQ,관리종목(소속부없음),전자부품 제조업
023790.KQ,중견기업부,1차 철강 제조업
005290.KQ,우량기업부,기초 화학물질 제조업
073190.KQ,투자주의환기종목(소속부없음),가구 제조업
176750.KQ,기술성장기업부,의약품 제조업
030350.KQ,관리종목(소속부없음),소프트웨어 개발 및 공급업
203650.KQ,중견기업부,소프트웨어 개발 및 공급업
223250.KQ,벤처기업부,자연과학 및 공학 연구개발업
060570.KQ,중견기업부,영상·오디오물 제공 서비스업
362990.KQ,벤처기업부,광고업
016670.KQ,중견기업부,기타 전문 도매업
187870.KQ,우량기업부,특수 목적용 기계 제조업
489730.KQ,SPAC(소속부없음),기타 금융업
0004Y0.KQ,SPAC(소속부없음),기타 금융업
110990.KQ,우량기업부,특수 목적용 기계 제조업
263690.KQ,우량기업부,의료용 기기 제조업
214680.KQ,벤처기업부,의료용 기기 제조업
347850.KQ,기술성장기업부,자연과학 및 공학 연구개발업
263720.KQ,우량기업부,"서적, 잡지 및 기타 인쇄물 출판업"
376300.KQ,우량기업부,소프트웨어 개발 및 공급업
104040.KQ,벤처기업부,자동차 신품 부품 제조업
109740.KQ,벤처기업부,특수 목적용 기계 제조업
031860.KQ,관리종목(소속부없음),상품 종합 도매업
196490.KQ,투자주의환기종목(소속부없음),특수 목적용 기계 제조업
066900.KQ,관리종목(소속부없음),전자부품 제조업
092070.KQ,중견기업부,기타 화학제품 제조업
039840.KQ,중견기업부,의료용 기기 제조업
219550.KQ,관리종목(소속부없음),생활용품 도매업
310870.KQ,벤처기업부,자동차 신품 부품 제조업
104460.KQ,우량기업부,일반 목적용 기계 제조업
113810.KQ,중견기업부,자동차 신품 부품 제조업
043360.KQ,벤처기업부,컴퓨터 및 주변장치 제조업
197140.KQ,벤처기업부,소프트웨어 개발 및 공급업
068930.KQ,우량기업부,일반 교습 학원
033130.KQ,중견기업부,"자료처리, 호스팅, 포털 및 기타 인터넷 정보매개 서비스업"
105740.KQ,우량기업부,일반 목적용 기계 제조업
263020.KQ,벤처기업부,플라스틱제품 제조업
290550.KQ,우량기업부,전자부품 제조업
066670.KQ,중견기업부,부동산 임대 및 공급업
187220.KQ,중견기업부,기타 과학기술 서비스업
383930.KQ,중견기업부,자연과학 및 공학 연구개발업
131180.KQ,벤처기업부,컴퓨터 및 주변장치 제조업
315640.KQ,기술성장기업부,소프트웨어 개발 및 공급업
900110.KQ,외국기업(소속부없음),기타 금융업
317120.KQ,기술성장기업부,반도체 제조업
462510.KQ,기술성장기업부,의료용 기기 제조업
232680.KQ,기술성장기업부,특수 목적용 기계 제조업
042510.KQ,벤처기업부,소프트웨어 개발 및 공급업
418420.KQ,기술성장기업부,전자부품 제조업
300120.KQ,벤처기업부,소프트웨어 개발 및 공급업
171120.KQ,우량기업부,기타 화학제품 제조업
388790.KQ,벤처기업부,통신 및 방송 장비 제조업
214260.KQ,기술성장기업부,기타 화학제품 제조업
171010.KQ,벤처기업부,기초 화학물질 제조업
084650.KQ,중견기업부,자연과학 및 공학 연구개발업
217500.KQ,벤처기업부,특수 목적용 기계 제조업
038390.KQ,우량기업부,여행사 및 기타 여행보조 서비스업
294140.KQ,관리종목(소속부없음),화학섬유 제조업
443250.KQ,벤처기업부,광고업
228670.KQ,벤처기업부,의료용 기기 제조업
228850.KQ,우량기업부,의료용 기기 제조업
412350.KQ,기술성장기업부,특수 목적용 기계 제조업
199550.KQ,벤처기업부,의료용 기기 제조업
281740.KQ,우량기업부,기타 화학제품 제조업
277810.KQ,기술성장기업부,특수 목적용 기계 제조업
215100.KQ,벤처기업부,기타 전기장비 제조업
090360.KQ,중견기업부,특수 목적용 기계 제조업
108490.KQ,기술성장기업부,특수 목적용 기계 제조업
900260.KQ,외국기업(소속부없음),기타 금융업
033290.KQ,우량기업부,"섬유, 의복, 신발 및 가죽제품 소매업"
067730.KQ,중견기업부,"컴퓨터 프로그래밍, 시스템 통합 및 관리업"
071280.KQ,우량기업부,특수 목적용 기계 제조업
376900.KQ,기술성장기업부,의료용품 및 기타 의약 관련제품 제조업
214610.KQ,관리종목(소속부없음),의료용 기기 제조업
328130.KQ,기술성장기업부,소프트웨어 개발 및 공급업
038060.KQ,중견기업부,반도체 제조업
474170.KQ,기술성장기업부,"항공기,우주선 및 부품 제조업"
016100.KQ,중견기업부,"골판지, 종이 상자 및 종이용기 제조업"
012700.KQ,우량기업부,기타 전문 도매업
302550.KQ,기술성장기업부,의료용 기기 제조업
491000.KQ,기술성장기업부,의료용 기기 제조업
394420.KQ,기술성장기업부,의료용 기기 제조업
073570.KQ,관리종목(소속부없음),그외 기타 제품 제조업
377450.KQ,우량기업부,기타 정보 서비스업
277070.KQ,중견기업부,신탁업 및 집합투자업
042500.KQ,우량기업부,"컴퓨터 프로그래밍, 시스템 통합 및 관리업"
193250.KQ,중견기업부,전자부품 제조업
474650.KQ,기술성장기업부,특수 목적용 기계 제조업
219420.KQ,기술성장기업부,소프트웨어 개발 및 공급업
439090.KQ,우량기업부,기타 화학제품 제조업
195500.KQ,중견기업부,"도축, 육류 가공 및 저장 처리업"
377480.KQ,기술성장기업부,소프트웨어 개발 및 공급업
305090.KQ,기술성장기업부,의료용 기기 제조업
098120.KQ,우량기업부,전자부품 제조업
424980.KQ,기술성장기업부,반도체 제조업
038290.KQ,중견기업부,"그외 기타 전문, 과학 및 기술 서비스업"
477850.KQ,기술성장기업부,소프트웨어 개발 및 공급업
267980.KQ,우량기업부,동·식물성 유지 및 낙농제품 제조업
005990.KQ,우량기업부,동·식물성 유지 및 낙농제품 제조업
093520.KQ,우량기업부,기계장비 및 관련 물품 도매업
100590.KQ,중견기업부,통신 및 방송 장비 제조업
067280.KQ,우량기업부,기타 교육기관
072870.KQ,우량기업부,"서적, 잡지 및 기타 인쇄물 출판업"
133750.KQ,중견기업부,일반 교습 학원
446540.KQ,중견기업부,일차전지 및 이차전지 제조업
235980.KQ,기술성장기업부,자연과학 및 공학 연구개발업
041920.KQ,우량기업부,의료용 기기 제조업
014100.KQ,중견기업부,상품 종합 도매업
054180.KQ,관리종목(소속부없음),선박 및 보트 건조업
086900.KQ,우량기업부,기초 의약물질 제조업
078160.KQ,벤처기업부,기초 의약물질 제조업
0088D0.KQ,SPAC(소속부없음),금융 지원 서비스업
408920.KQ,우량기업부,기타 사업지원 서비스업
021880.KQ,중견기업부,기타 금융업
0088M0.KQ,기술성장기업부,의료용 기기 제조업
140410.KQ,투자주의환기종목(소속부없음),자연과학 및 공학 연구개발업
241770.KQ,우량기업부,반도체 제조업
059210.KQ,우량기업부,의료용품 및 기타 의약 관련제품 제조업
058110.KQ,기술성장기업부,의료용 기기 제조업
072770.KQ,중견기업부,"컴퓨터 프로그래밍, 시스템 통합 및 관리업"
434480.KQ,기술성장기업부,소프트웨어 개발 및 공급업
080420.KQ,중견기업부,"섬유, 의복, 신발 및 가죽제품 소매업"
417970.KQ,우량기업부,특수 목적용 기계 제조업
080160.KQ,우량기업부,여행사 및 기타 여행보조 서비스업
087260.KQ,벤처기업부,소프트웨어 개발 및 공급업
101330.KQ,중견기업부,통신 및 방송 장비 제조업
012860.KQ,우량기업부,자동차 신품 부품 제조업
363260.KQ,벤처기업부,광고업
348030.KQ,중견기업부,소프트웨어 개발 및 공급업
250060.KQ,기술성장기업부,"컴퓨터 프로그래밍, 시스템 통합 및 관리업"
288980.KQ,기술성장기업부,소프트웨어 개발 및 공급업
142760.KQ,기술성장기업부,자연과학 및 공학 연구개발업
033200.KQ,투자주의환기종목(소속부없음),전자부품 제조업
118990.KQ,우량기업부,자동차 신품 부품 제조업
463480.KQ,중견기업부,전자부품 제조업
006920.KQ,중견기업부,"시멘트, 석회, 플라스터 및 그 제품 제조업"
001810.KQ,중견기업부,"펄프, 종이 및 판지 제조업"
279600.KQ,벤처기업부,소프트웨어 개발 및 공급업
095500.KQ,우량기업부,플라스틱제품 제조업
254490.KQ,우량기업부,기타 전문 도매업
218150.KQ,벤처기업부,동물용 사료 및 조제식품 제조업
100790.KQ,우량기업부,기타 금융업
0097F0.KQ,SPAC(소속부없음),금융 지원 서비스업
0099W0.KQ,SPAC(소속부없음),금융 지원 서비스업
477380.KQ,SPAC(소속부없음),금융 지원 서비스업
477470.KQ,SPAC(소속부없음),금융 지원 서비스업
478440.KQ,SPAC(소속부없음),금융 지원 서비스업
482680.KQ,SPAC(소속부없음),금융 지원 서비스업
0093G0.KQ,SPAC(소속부없음),금융 지원 서비스업
0096D0.KQ,SPAC(소속부없음),금융 지원 서비스업
049950.KQ,중견기업부,특수 목적용 기계 제조업
207760.KQ,중견기업부,기타 정보 서비스업
059090.KQ,벤처기업부,반도체 제조업
201490.KQ,중견기업부,소프트웨어 개발 및 공급업
475460.KQ,벤처기업부,기타 정보 서비스업
452200.KQ,기술성장기업부,"측정, 시험, 항해, 제어 및 기타 정밀기기 제조업; 광학기기 제외"
206640.KQ,우량기업부,의료용품 및 기타 의약 관련제품 제조업
035620.KQ,중견기업부,"영화, 비디오물, 방송프로그램 제작 및 배급업"
053030.KQ,중견기업부,의약품 제조업
301300.KQ,기술성장기업부,소프트웨어 개발 및 공급업
064550.KQ,중견기업부,의료용품 및 기타 의약 관련제품 제조업
314930.KQ,기술성장기업부,의료용 기기 제조업
489460.KQ,벤처기업부,기타 화학제품 제조업
086820.KQ,기술성장기업부,기초 의약물질 제조업
038460.KQ,우량기업부,전자부품 제조업
251120.KQ,기술성장기업부,기초 의약물질 제조업
199730.KQ,벤처기업부,자연과학 및 공학 연구개발업
086040.KQ,벤처기업부,자연과학 및 공학 연구개발업
188040.KQ,벤처기업부,기타 식품 제조업
099430.KQ,우량기업부,기초 의약물질 제조업
032980.KQ,관리종목(소속부없음),음·식료품 및 담배 도매업
308080.KQ,기술성장기업부,자연과학 및 공학 연구개발업
043150.KQ,우량기업부,의료용 기기 제조업
323990.KQ,기술성장기업부,자연과학 및 공학 연구개발업
267790.KQ,중견기업부,봉제의복 제조업
046310.KQ,우량기업부,통신 및 방송 장비 제조업
331520.KQ,중견기업부,소프트웨어 개발 및 공급업
199480.KQ,기술성장기업부,소프트웨어 개발 및 공급업
438700.KQ,기술성장기업부,소프트웨어 개발 및 공급업
066410.KQ,투자주의환기종목(소속부없음),전기 통신업
382900.KQ,벤처기업부,"전동기, 발전기 및 전기 변환 · 공급 · 제어 장치 제조업"
206400.KQ,중견기업부,실내건축 및 건축마무리 공사업
019010.KQ,중견기업부,종합 소매업
177350.KQ,투자주의환기종목(소속부없음),플라스틱제품 제조업
457600.KQ,벤처기업부,영상 및 음향기기 제조업
424760.KQ,벤처기업부,"컴퓨터 프로그래밍, 시스템 통합 및 관리업"
250000.KQ,우량기업부,음·식료품 및 담배 도매업
310210.KQ,기술성장기업부,자연과학 및 공학 연구개발업
006910.KQ,우량기업부,"구조용 금속제품, 탱크 및 증기발생기 제조업"
0010F0.KQ,벤처기업부,플라스틱제품 제조업
226340.KQ,중견기업부,기타 화학제품 제조업
014470.KQ,벤처기업부,부동산 임대 및 공급업
008470.KQ,벤처기업부,"구조용 금속제품, 탱크 및 증기발생기 제조업"
338220.KQ,기술성장기업부,소프트웨어 개발 및 공급업
100120.KQ,우량기업부,의료용 기기 제조업
406820.KQ,벤처기업부,기타 화학제품 제조업
099390.KQ,벤처기업부,소프트웨어 개발 및 공급업
064480.KQ,벤처기업부,소프트웨어 개발 및 공급업
365900.KQ,벤처기업부,운동 및 경기용구 제조업
089970.KQ,우량기업부,특수 목적용 기계 제조업
251630.KQ,벤처기업부,특수 목적용 기계 제조업
018290.KQ,우량기업부,기타 화학제품 제조업
478560.KQ,벤처기업부,신발 및 신발 부분품 제조업
439580.KQ,기술성장기업부,기타 전문 도매업
033560.KQ,중견기업부,영상 및 음향기기 제조업
369370.KQ,벤처기업부,창작 및 예술관련 서비스업
126340.KQ,벤처기업부,일차전지 및 이차전지 제조업
121800.KQ,관리종목(소속부없음),통신 및 방송 장비 제조업
082800.KQ,중견기업부,의약품 제조업
318410.KQ,중견기업부,기타 화학제품 제조업
419540.KQ,벤처기업부,의료용 기기 제조업
146320.KQ,벤처기업부,반도체 제조업
200780.KQ,중견기업부,의약품 제조업
413640.KQ,벤처기업부,소프트웨어 개발 및 공급업
141000.KQ,벤처기업부,특수 목적용 기계 제조업
083650.KQ,우량기업부,일반 목적용 기계 제조업
0068Y0.KQ,SPAC(소속부없음),금융 지원 서비스업
065170.KQ,투자주의환기종목(소속부없음),음·식료품 및 담배 도매업
086670.KQ,우량기업부,일반 목적용 기계 제조업
230980.KQ,관리종목(소속부없음),소프트웨어 개발 및 공급업
488900.KQ,기술성장기업부,"항공기,우주선 및 부품 제조업"
082920.KQ,우량기업부,일차전지 및 이차전지 제조업
054220.KQ,벤처기업부,"전동기, 발전기 및 전기 변환 · 공급 · 제어 장치 제조업"
042370.KQ,우량기업부,기타 금융업
050090.KQ,투자주의환기종목(소속부없음),광고업
148780.KQ,기술성장기업부,소프트웨어 개발 및 공급업
307870.KQ,벤처기업부,소프트웨어 개발 및 공급업
377030.KQ,관리종목(소속부없음),소프트웨어 개발 및 공급업
032850.KQ,벤처기업부,소프트웨어 개발 및 공급업
049470.KQ,중견기업부,소프트웨어 개발 및 공급업
238200.KQ,벤처기업부,기타 식품 제조업
093190.KQ,우량기업부,컴퓨터 및 주변장치 제조업
065450.KQ,벤처기업부,"측정, 시험, 항해, 제어 및 기타 정밀기기 제조업; 광학기기 제외"
044480.KQ,중견기업부,창작 및 예술관련 서비스업
069540.KQ,벤처기업부,통신 및 방송 장비 제조업
072950.KQ,벤처기업부,전자부품 제조업
451250.KQ,벤처기업부,기타 화학제품 제조업
143240.KQ,우량기업부,"자료처리, 호스팅, 포털 및 기타 인터넷 정보매개 서비스업"
466410.KQ,벤처기업부,소프트웨어 개발 및 공급업
223310.KQ,중견기업부,상품 종합 도매업
452430.KQ,기술성장기업부,반도체 제조업
419120.KQ,중견기업부,소프트웨어 개발 및 공급업
122350.KQ,중견기업부,자동차 신품 부품 제조업
419050.KQ,중견기업부,자동차 신품 부품 제조업
014970.KQ,중견기업부,"골판지, 종이 상자 및 종이용기 제조업"
018310.KQ,우량기업부,"구조용 금속제품, 탱크 및 증기발생기 제조업"
012210.KQ,중견기업부,기타 금속 가공제품 제조업
053700.KQ,우량기업부,자동차 신품 부품 제조업
009620.KQ,투자주의환기종목(소속부없음),1차 비철금속 제조업
023600.KQ,우량기업부,"펄프, 종이 및 판지 제조업"
0044K0.KQ,SPAC(소속부없음),금융 지원 서비스업
0071M0.KQ,SPAC(소속부없음),금융 지원 서비스업
0096B0.KQ,SPAC(소속부없음),기타 금융업
0115H0.KQ,SPAC(소속부없음),금융 지원 서비스업
009300.KQ,우량기업부,의약품 제조업
482630.KQ,중견기업부,기타 화학제품 제조업
484590.KQ,벤처기업부,무기 및 총포탄 제조업
036670.KQ,우량기업부,기타 화학제품 제조업
361670.KQ,기술성장기업부,전자부품 제조업
054540.KQ,우량기업부,"구조용 금속제품, 탱크 및 증기발생기 제조업"
065570.KQ,관리종목(소속부없음),통신 및 방송 장비 제조업
014950.KQ,벤처기업부,의약품 제조업
032280.KQ,중견기업부,도로 화물 운송업
002290.KQ,우량기업부,건물 건설업
037460.KQ,우량기업부,통신 및 방송 장비 제조업
032750.KQ,우량기업부,통신 및 방송 장비 제조업
0013V0.KQ,중견기업부,수산물 가공 및 저장 처리업
054090.KQ,중견기업부,그외 기타 제품 제조업
000250.KQ,중견기업부,의약품 제조업
024950.KQ,중견기업부,생활용품 도매업
038500.KQ,우량기업부,기타 비금속 광물제품 제조업
437730.KQ,기술성장기업부,자동차 신품 부품 제조업
017480.KQ,우량기업부,1차 철강 제조업
046390.KQ,중견기업부,"영화, 비디오물, 방송프로그램 제작 및 배급업"
027580.KQ,중견기업부,플라스틱제품 제조업
038540.KQ,중견기업부,"컴퓨터 프로그래밍, 시스템 통합 및 관리업"
091580.KQ,우량기업부,일차전지 및 이차전지 제조업
263810.KQ,중견기업부,전자부품 제조업
089980.KQ,우량기업부,플라스틱제품 제조업
042940.KQ,중견기업부,건물 건설업
042600.KQ,중견기업부,전자부품 제조업
107600.KQ,벤처기업부,기타 화학제품 제조업
411080.KQ,기술성장기업부,소프트웨어 개발 및 공급업
252990.KQ,우량기업부,전자부품 제조업
378800.KQ,기술성장기업부,기초 의약물질 제조업
294630.KQ,기술성장기업부,기타 전기장비 제조업
038070.KQ,중견기업부,기타 전문 도매업
006730.KQ,우량기업부,일반 및 생활 숙박시설 운영업
079650.KQ,중견기업부,"시멘트, 석회, 플라스터 및 그 제품 제조업"
100660.KQ,중견기업부,일반 목적용 기계 제조업
019770.KQ,우량기업부,특수 목적용 기계 제조업
092190.KQ,투자주의환기종목(소속부없음),반도체 제조업
063170.KQ,중견기업부,상품 중개업
027040.KQ,중견기업부,"전동기, 발전기 및 전기 변환 · 공급 · 제어 장치 제조업"
018680.KQ,벤처기업부,의약품 제조업
036120.KQ,중견기업부,기타 정보 서비스업
093920.KQ,우량기업부,통신 및 방송 장비 제조업
189860.KQ,벤처기업부,"전동기, 발전기 및 전기 변환 · 공급 · 제어 장치 제조업"
178320.KQ,중견기업부,기타 전기장비 제조업
122690.KQ,중견기업부,자동차 신품 부품 제조업
140070.KQ,벤처기업부,기계장비 및 관련 물품 도매업
011370.KQ,우량기업부,건물 건설업
065710.KQ,우량기업부,"전동기, 발전기 및 전기 변환 · 공급 · 제어 장치 제조업"
035890.KQ,중견기업부,건물 건설업
357550.KQ,기술성장기업부,기초 화학물질 제조업
003100.KQ,우량기업부,기타 운송관련 서비스업
067370.KQ,기술성장기업부,의약품 제조업
171090.KQ,우량기업부,특수 목적용 기계 제조업
086710.KQ,우량기업부,기타 화학제품 제조업
014620.KQ,우량기업부,1차 철강 제조업
037350.KQ,우량기업부,"건축기술, 엔지니어링 및 관련 기술 서비스업"
458650.KQ,벤처기업부,일차전지 및 이차전지 제조업
081580.KQ,중견기업부,통신 및 방송 장비 제조업
045300.KQ,중견기업부,전자부품 제조업
015750.KQ,우량기업부,자동차 신품 부품 제조업
365340.KQ,기술성장기업부,기초 화학물질 제조업
080470.KQ,벤처기업부,자동차 신품 부품 제조업
043260.KQ,우량기업부,전자부품 제조업
148150.KQ,우량기업부,전자부품 제조업
061090.KQ,중견기업부,통신 및 방송 장비 제조업
188260.KQ,관리종목(소속부없음),그외 기타 제품 제조업
053060.KQ,중견기업부,자동차 신품 부품 제조업
340440.KQ,벤처기업부,플라스틱제품 제조업
017510.KQ,벤처기업부,기타 금속 가공제품 제조업
490470.KQ,기술성장기업부,"건축기술, 엔지니어링 및 관련 기술 서비스업"
011560.KQ,우량기업부,건물설비 설치 공사업
396300.KQ,우량기업부,기타 금속 가공제품 제조업
100700.KQ,우량기업부,의료용품 및 기타 의약 관련제품 제조업
024830.KQ,관리종목(소속부없음),자동차 신품 부품 제조업
258830.KQ,관리종목(소속부없음),의료용 기기 제조업
036630.KQ,우량기업부,전기 및 통신 공사업
039310.KQ,중견기업부,소프트웨어 개발 및 공급업
067770.KQ,중견기업부,전자부품 제조업
053450.KQ,우량기업부,사진장비 및 광학기기 제조업
252500.KQ,중견기업부,기타 화학제품 제조업
321370.KQ,기술성장기업부,전자부품 제조업
347000.KQ,기술성장기업부,"측정, 시험, 항해, 제어 및 기타 정밀기기 제조업; 광학기기 제외"
331920.KQ,기술성장기업부,기초 의약물질 제조업
352770.KQ,관리종목(소속부없음),의료용품 및 기타 의약 관련제품 제조업
471820.KQ,벤처기업부,기타 식품 제조업
049180.KQ,투자주의환기종목(소속부없음),기초 의약물질 제조업
299660.KQ,기술성장기업부,자연과학 및 공학 연구개발업
108860.KQ,벤처기업부,소프트웨어 개발 및 공급업
208370.KQ,벤처기업부,의료용 기기 제조업
318160.KQ,벤처기업부,기타 섬유제품 제조업
308430.KQ,기술성장기업부,의약품 제조업
068760.KQ,우량기업부,의약품 제조업
068940.KQ,관리종목(소속부없음),전자부품 제조업
007720.KQ,중견기업부,상품 종합 도매업
290690.KQ,중견기업부,전구 및 조명장치 제조업
950200.KQ,외국기업(소속부없음),"그외 기타 전문, 과학 및 기술 서비스업"
032680.KQ,중견기업부,기타 정보 서비스업
032685.KQ,중견기업부,
258790.KQ,벤처기업부,소프트웨어 개발 및 공급업
066910.KQ,중견기업부,기타 전문 도매업
215090.KQ,벤처기업부,"측정, 시험, 항해, 제어 및 기타 정밀기기 제조업; 광학기기 제외"
035610.KQ,투자주의환기종목(소속부없음),회사 본부 및 경영 컨설팅 서비스업
304100.KQ,기술성장기업부,소프트웨어 개발 및 공급업
328380.KQ,벤처기업부,"컴퓨터 프로그래밍, 시스템 통합 및 관리업"
086980.KQ,중견기업부,"영화, 비디오물, 방송프로그램 제작 및 배급업"
050960.KQ,벤처기업부,소프트웨어 개발 및 공급업
084180.KQ,중견기업부,일반 목적용 기계 제조업
253840.KQ,중견기업부,의료용품 및 기타 의약 관련제품 제조업
298830.KQ,우량기업부,소프트웨어 개발 및 공급업
236200.KQ,우량기업부,통신 및 방송 장비 제조업
094840.KQ,벤처기업부,통신 및 방송 장비 제조업
192440.KQ,우량기업부,그외 기타 제품 제조업
424960.KQ,기술성장기업부,"측정, 시험, 항해, 제어 및 기타 정밀기기 제조업; 광학기기 제외"
099440.KQ,중견기업부,특수 목적용 기계 제조업
066590.KQ,중견기업부,자동차 신품 부품 제조업
276040.KQ,관리종목(소속부없음),소프트웨어 개발 및 공급업
060240.KQ,관리종목(소속부없음),선박 및 보트 건조업
115570.KQ,중견기업부,플라스틱제품 제조업
330730.KQ,벤처기업부,기타 금융업
352090.KQ,우량기업부,플라스틱제품 제조업
408900.KQ,중견기업부,"영화, 비디오물, 방송프로그램 제작 및 배급업"
415380.KQ,중견기업부,기타 생활용품 소매업
013810.KQ,중견기업부,특수 목적용 기계 제조업
347700.KQ,기술성장기업부,소프트웨어 개발 및 공급업
049830.KQ,관리종목(소속부없음),기타 금속 가공제품 제조업
020710.KQ,우량기업부,전문디자인업
033170.KQ,중견기업부,반도체 제조업
048870.KQ,중견기업부,의료용 기기 제조업
025320.KQ,우량기업부,전자부품 제조업
340810.KQ,기술성장기업부,소프트웨어 개발 및 공급업
269620.KQ,관리종목(소속부없음),"측정, 시험, 항해, 제어 및 기타 정밀기기 제조업; 광학기기 제외"
056090.KQ,벤처기업부,의료용 기기 제조업
429270.KQ,기술성장기업부,반도체 제조업
418250.KQ,관리종목(소속부없음),소프트웨어 개발 및 공급업
131090.KQ,벤처기업부,소프트웨어 개발 및 공급업
290520.KQ,벤처기업부,특수 목적용 기계 제조업
001000.KQ,중견기업부,부동산 임대 및 공급업
025870.KQ,중견기업부,음·식료품 및 담배 도매업
215600.KQ,중견기업부,자연과학 및 공학 연구개발업
065350.KQ,우량기업부,가정용 기기 제조업
416180.KQ,벤처기업부,자동차 신품 부품 제조업
162300.KQ,우량기업부,1차 철강 제조업
002800.KQ,우량기업부,의약품 제조업
472220.KQ,SPAC(소속부없음),금융 지원 서비스업
0091W0.KQ,SPAC(소속부없음),금융 지원 서비스업
017000.KQ,우량기업부,건물 건설업
012790.KQ,우량기업부,의약품 제조업
138070.KQ,중견기업부,기타 금속 가공제품 제조업
226330.KQ,기술성장기업부,소프트웨어 개발 및 공급업
474660.KQ,SPAC(소속부없음),금융 지원 서비스업
474930.KQ,SPAC(소속부없음),금융 지원 서비스업
487360.KQ,SPAC(소속부없음),금융 지원 서비스업
487830.KQ,SPAC(소속부없음),금융 지원 서비스업
496070.KQ,SPAC(소속부없음),금융 지원 서비스업
0130D0.KQ,SPAC(소속부없음),금융 지원 서비스업
0129K0.KQ,SPAC(소속부없음),금융 지원 서비스업
056700.KQ,중견기업부,플라스틱제품 제조업
187270.KQ,벤처기업부,"전동기, 발전기 및 전기 변환 · 공급 · 제어 장치 제조업"
095190.KQ,중견기업부,기타 금속 가공제품 제조업
243840.KQ,우량기업부,일차전지 및 이차전지 제조업
257720.KQ,우량기업부,상품 종합 도매업
036710.KQ,중견기업부,회사 본부 및 경영 컨설팅 서비스업
444530.KQ,기술성장기업부,소프트웨어 개발 및 공급업
234030.KQ,중견기업부,반도체 제조업
160980.KQ,우량기업부,특수 목적용 기계 제조업
356890.KQ,벤처기업부,소프트웨어 개발 및 공급업
217330.KQ,기술성장기업부,자연과학 및 공학 연구개발업
208640.KQ,중견기업부,소프트웨어 개발 및 공급업
222420.KQ,벤처기업부,기타 비금속 광물제품 제조업
037760.KQ,중견기업부,1차 철강 제조업
081180.KQ,기술성장기업부,일반 목적용 기계 제조업
099320.KQ,우량기업부,"항공기,우주선 및 부품 제조업"
049960.KQ,벤처기업부,기초 의약물질 제조업
088280.KQ,기술성장기업부,반도체 제조업
050890.KQ,우량기업부,통신 및 방송 장비 제조업
394800.KQ,기술성장기업부,자연과학 및 공학 연구개발업
177900.KQ,기술성장기업부,반도체 제조업
475400.KQ,기술성장기업부,특수 목적용 기계 제조업
109670.KQ,중견기업부,봉제의복 제조업
066790.KQ,관리종목(소속부없음),텔레비전 방송업
352480.KQ,우량기업부,기타 화학제품 제조업
264660.KQ,우량기업부,특수 목적용 기계 제조업
352700.KQ,벤처기업부,화학섬유 제조업
458870.KQ,기술성장기업부,의료용 기기 제조업
297090.KQ,투자주의환기종목(소속부없음),일반 목적용 기계 제조업
900120.KQ,외국기업(소속부없음),기타 금융업
359090.KQ,중견기업부,"그외 기타 전문, 과학 및 기술 서비스업"
115530.KQ,중견기업부,전자부품 제조업
388210.KQ,벤처기업부,전자부품 제조업
115480.KQ,중견기업부,의료용 기기 제조업
376290.KQ,벤처기업부,전자부품 제조업
189330.KQ,기술성장기업부,소프트웨어 개발 및 공급업
096530.KQ,우량기업부,의료용품 및 기타 의약 관련제품 제조업
101240.KQ,우량기업부,기초 화학물질 제조업
060590.KQ,중견기업부,의약품 제조업
260930.KQ,중견기업부,기타 화학제품 제조업
413630.KQ,벤처기업부,플라스틱제품 제조업
013990.KQ,우량기업부,생활용품 도매업
123860.KQ,우량기업부,반도체 제조업
025980.KQ,우량기업부,일반 및 생활 숙박시설 운영업
0015N0.KQ,벤처기업부,기타 화학제품 제조업
125210.KQ,우량기업부,전자부품 제조업
357580.KQ,기술성장기업부,전자부품 제조업
052710.KQ,중견기업부,전자부품 제조업
074430.KQ,중견기업부,기초 의약물질 제조업
092040.KQ,기술성장기업부,기타 식품 제조업
083930.KQ,우량기업부,특수 목적용 기계 제조업
149950.KQ,우량기업부,전자부품 제조업
036010.KQ,중견기업부,전자부품 제조업
050860.KQ,우량기업부,특수 목적용 기계 제조업
136410.KQ,벤처기업부,플라스틱제품 제조업
246720.KQ,관리종목(소속부없음),의료용품 및 기타 의약 관련제품 제조업
450950.KQ,벤처기업부,의료용 기기 제조업
067390.KQ,중견기업부,"항공기,우주선 및 부품 제조업"
159010.KQ,벤처기업부,일반 목적용 기계 제조업
127710.KQ,중견기업부,"자료처리, 호스팅, 포털 및 기타 인터넷 정보매개 서비스업"
154030.KQ,벤처기업부,작물 재배업
227610.KQ,벤처기업부,기타 화학제품 제조업
331740.KQ,기술성장기업부,소프트웨어 개발 및 공급업
143160.KQ,우량기업부,통신 및 방송 장비 제조업
054800.KQ,중견기업부,기타 전문 서비스업
332370.KQ,벤처기업부,컴퓨터 및 주변장치 제조업
066430.KQ,중견기업부,기타 전문 도매업
339950.KQ,우량기업부,일반 교습 학원
469750.KQ,벤처기업부,특수 목적용 기계 제조업
460470.KQ,기술성장기업부,사진장비 및 광학기기 제조업
099190.KQ,중견기업부,의료용 기기 제조업
461300.KQ,벤처기업부,소프트웨어 개발 및 공급업
289010.KQ,중견기업부,"서적, 잡지 및 기타 인쇄물 출판업"
214430.KQ,우량기업부,전자부품 제조업
040910.KQ,중견기업부,특수 목적용 기계 제조업
368600.KQ,기술성장기업부,전자부품 제조업
456010.KQ,기술성장기업부,반도체 제조업
052860.KQ,벤처기업부,반도체 제조업
464500.KQ,기술성장기업부,반도체 제조업
212710.KQ,기술성장기업부,반도체 제조업
038880.KQ,투자주의환기종목(소속부없음),전자부품 제조업
307180.KQ,벤처기업부,전구 및 조명장치 제조업
101390.KQ,관리종목(소속부없음),전자부품 제조업
493280.KQ,기술성장기업부,자연과학 및 공학 연구개발업
461030.KQ,기술성장기업부,자연과학 및 공학 연구개발업
451220.KQ,기술성장기업부,특수 목적용 기계 제조업
078860.KQ,투자주의환기종목(소속부없음),"영화, 비디오물, 방송프로그램 제작 및 배급업"
090150.KQ,중견기업부,자동차 신품 부품 제조업
031310.KQ,중견기업부,전기 통신업
462980.KQ,기술성장기업부,기타 정보 서비스업
185490.KQ,벤처기업부,자연과학 및 공학 연구개발업
059100.KQ,벤처기업부,전자부품 제조업
262840.KQ,벤처기업부,소프트웨어 개발 및 공급업
175250.KQ,관리종목(소속부없음),기타 화학제품 제조업
052460.KQ,벤처기업부,"컴퓨터 프로그래밍, 시스템 통합 및 관리업"
119830.KQ,중견기업부,"그외 기타 전문, 과학 및 기술 서비스업"
052770.KQ,관리종목(소속부없음),소프트웨어 개발 및 공급업
124500.KQ,우량기업부,"컴퓨터 프로그래밍, 시스템 통합 및 관리업"
010280.KQ,우량기업부,"컴퓨터 프로그래밍, 시스템 통합 및 관리업"
232830.KQ,벤처기업부,소프트웨어 개발 및 공급업
372800.KQ,벤처기업부,소프트웨어 개발 및 공급업
309710.KQ,관리종목(소속부없음),기초 의약물질 제조업
114840.KQ,우량기업부,기타 화학제품 제조업
027360.KQ,중견기업부,기타 금융업
032080.KQ,중견기업부,"섬유제품 염색, 정리 및 마무리 가공업"
013310.KQ,우량기업부,자동차 신품 부품 제조업
059120.KQ,벤처기업부,반도체 제조업
0007C0.KQ,기술성장기업부,소프트웨어 개발 및 공급업
203690.KQ,관리종목(소속부없음),"펄프, 종이 및 판지 제조업"
158430.KQ,벤처기업부,소프트웨어 개발 및 공급업
200350.KQ,기술성장기업부,"영화, 비디오물, 방송프로그램 제작 및 배급업"
321820.KQ,기술성장기업부,창작 및 예술관련 서비스업
001540.KQ,우량기업부,의약품 제조업
053800.KQ,우량기업부,소프트웨어 개발 및 공급업
065660.KQ,기술성장기업부,기타 전문 도매업
297570.KQ,벤처기업부,통신 및 방송 장비 제조업
260660.KQ,중견기업부,의료용품 및 기타 의약 관련제품 제조업
354320.KQ,기술성장기업부,1차 비철금속 제조업
361570.KQ,중견기업부,오디오물 출판 및 원판 녹음업
131370.KQ,벤처기업부,소프트웨어 개발 및 공급업
140670.KQ,중견기업부,전자부품 제조업
096610.KQ,투자주의환기종목(소속부없음),반도체 제조업
061040.KQ,중견기업부,통신 및 방송 장비 제조업
148250.KQ,벤처기업부,전자부품 제조업
123010.KQ,기술성장기업부,전자부품 제조업
476830.KQ,기술성장기업부,자연과학 및 공학 연구개발업
347860.KQ,중견기업부,소프트웨어 개발 및 공급업
123750.KQ,중견기업부,그외 기타 운송장비 제조업
459550.KQ,중견기업부,통신 및 방송 장비 제조업
085810.KQ,중견기업부,소프트웨어 개발 및 공급업
043100.KQ,관리종목(소속부없음),의료용 기기 제조업
117670.KQ,벤처기업부,반도체 제조업
314140.KQ,우량기업부,의약품 제조업
291650.KQ,기술성장기업부,자연과학 및 공학 연구개발업
293780.KQ,기술성장기업부,자연과학 및 공학 연구개발업
310200.KQ,중견기업부,"영화, 비디오물, 방송프로그램 제작 및 배급업"
179530.KQ,기술성장기업부,의약품 제조업
397810.KQ,벤처기업부,광고업
0011A0.KQ,벤처기업부,기타 전기장비 제조업
052790.KQ,중견기업부,소프트웨어 개발 및 공급업
290740.KQ,벤처기업부,전자부품 제조업
238090.KQ,벤처기업부,플라스틱제품 제조업
138360.KQ,벤처기업부,특수 목적용 기계 제조업
092600.KQ,벤처기업부,반도체 제조업
129890.KQ,벤처기업부,컴퓨터 및 주변장치 제조업
174900.KQ,벤처기업부,의료용품 및 기타 의약 관련제품 제조업
109960.KQ,투자주의환기종목(소속부없음),기타 전문 도매업
270520.KQ,투자주의환기종목(소속부없음),"건축기술, 엔지니어링 및 관련 기술 서비스업"
255440.KQ,벤처기업부,특수 목적용 기계 제조업
030960.KQ,중견기업부,인쇄 및 인쇄관련 산업
102120.KQ,벤처기업부,반도체 제조업
238120.KQ,기술성장기업부,사진장비 및 광학기기 제조업
019990.KQ,중견기업부,일반 목적용 기계 제조업
435570.KQ,벤처기업부,도시락 및 식사용 조리식품 제조업
270660.KQ,벤처기업부,가정용 기기 제조업
038680.KQ,우량기업부,"컴퓨터 프로그래밍, 시스템 통합 및 관리업"
217480.KQ,투자주의환기종목(소속부없음),기타 화학제품 제조업
121890.KQ,중견기업부,전자부품 제조업
304360.KQ,벤처기업부,의약품 제조업
389500.KQ,기술성장기업부,일반 목적용 기계 제조업
042110.KQ,우량기업부,가정용 기기 제조업
065420.KQ,중견기업부,기타 화학제품 제조업
103230.KQ,중견기업부,일반 목적용 기계 제조업
260970.KQ,우량기업부,기타 식품 제조업
101490.KQ,우량기업부,전자부품 제조업
095910.KQ,중견기업부,"전동기, 발전기 및 전기 변환 · 공급 · 제어 장치 제조업"
275630.KQ,벤처기업부,소프트웨어 개발 및 공급업
031330.KQ,우량기업부,기계장비 및 관련 물품 도매업
060540.KQ,중견기업부,"측정, 시험, 항해, 제어 및 기타 정밀기기 제조업; 광학기기 제외"
0008Z0.KQ,벤처기업부,"전동기, 발전기 및 전기 변환 · 공급 · 제어 장치 제조업"
246250.KQ,관리종목(소속부없음),"그외 기타 전문, 과학 및 기술 서비스업"
460870.KQ,벤처기업부,유리 및 유리제품 제조업
464080.KQ,기술성장기업부,"측정, 시험, 항해, 제어 및 기타 정밀기기 제조업; 광학기기 제외"
109610.KQ,중견기업부,"구조용 금속제품, 탱크 및 증기발생기 제조업"
365330.KQ,우량기업부,"구조용 금속제품, 탱크 및 증기발생기 제조업"
306040.KQ,중견기업부,"가죽, 가방 및 유사제품 제조업"
398120.KQ,벤처기업부,의료용 기기 제조업
472230.KQ,SPAC(소속부없음),금융 지원 서비스업
473000.KQ,SPAC(소속부없음),금융 지원 서비스업
473950.KQ,SPAC(소속부없음),금융 지원 서비스업
475660.KQ,기술성장기업부,기타 화학제품 제조업
096630.KQ,우량기업부,통신 및 방송 장비 제조업
069510.KQ,우량기업부,영상 및 음향기기 제조업
488280.KQ,기술성장기업부,소프트웨어 개발 및 공급업
234300.KQ,우량기업부,"컴퓨터 프로그래밍, 시스템 통합 및 관리업"
039440.KQ,우량기업부,특수 목적용 기계 제조업
098660.KQ,중견기업부,봉제의복 제조업
052020.KQ,투자주의환기종목(소속부없음),기계장비 및 관련 물품 도매업
458350.KQ,중견기업부,기타 사업지원 서비스업
050760.KQ,중견기업부,플라스틱제품 제조업
288620.KQ,벤처기업부,"전동기, 발전기 및 전기 변환 · 공급 · 제어 장치 제조업"
443670.KQ,중견기업부,"컴퓨터 프로그래밍, 시스템 통합 및 관리업"
317830.KQ,벤처기업부,특수 목적용 기계 제조업
058610.KQ,우량기업부,"전동기, 발전기 및 전기 변환 · 공급 · 제어 장치 제조업"
043340.KQ,중견기업부,일반 목적용 기계 제조업
163280.KQ,기술성장기업부,일반 목적용 기계 제조업
200710.KQ,중견기업부,반도체 제조업
475580.KQ,벤처기업부,그외 기타 제품 제조업
096690.KQ,중견기업부,컴퓨터 및 주변장치 제조업
298380.KQ,기술성장기업부,기초 의약물질 제조업
203400.KQ,기술성장기업부,자연과학 및 공학 연구개발업
195990.KQ,관리종목(소속부없음),특수 목적용 기계 제조업
003800.KQ,우량기업부,가구 제조업
088800.KQ,중견기업부,통신 및 방송 장비 제조업
241840.KQ,중견기업부,"영화, 비디오물, 방송프로그램 제작 및 배급업"
364950.KQ,벤처기업부,특수 목적용 기계 제조업
453860.KQ,벤처기업부,기타 화학제품 제조업
312610.KQ,투자주의환기종목(소속부없음),1차 비철금속 제조업
172670.KQ,벤처기업부,반도체 제조업
481070.KQ,중견기업부,"섬유, 의복, 신발 및 가죽제품 소매업"
060900.KQ,중견기업부,전기업
445090.KQ,벤처기업부,반도체 제조업
295310.KQ,기술성장기업부,1차 비철금속 제조업
072990.KQ,우량기업부,기타 과학기술 서비스업
044990.KQ,기술성장기업부,전자부품 제조업
239610.KQ,벤처기업부,기타 식품 제조업
036170.KQ,중견기업부,반도체 제조업
477340.KQ,SPAC(소속부없음),금융 지원 서비스업
148930.KQ,중견기업부,기타 금속 가공제품 제조업
044780.KQ,벤처기업부,특수 목적용 기계 제조업
357230.KQ,우량기업부,기타 식품 제조업
355690.KQ,기술성장기업부,전자부품 제조업
071670.KQ,중견기업부,특수 목적용 기계 제조업
045660.KQ,우량기업부,일반 목적용 기계 제조업
224110.KQ,벤처기업부,통신 및 방송 장비 제조업
021080.KQ,우량기업부,신탁업 및 집합투자업
200470.KQ,중견기업부,반도체 제조업
262260.KQ,우량기업부,기타 전기장비 제조업
397030.KQ,기술성장기업부,자연과학 및 공학 연구개발업
0009K0.KQ,기술성장기업부,자연과학 및 공학 연구개발업
230240.KQ,중견기업부,통신 및 방송 장비 제조업
159910.KQ,중견기업부,기타 화학제품 제조업
230360.KQ,우량기업부,광고업
097780.KQ,중견기업부,자동차 신품 부품 제조업
038870.KQ,중견기업부,사업시설 유지·관리 서비스업
448280.KQ,중견기업부,기타 전문 서비스업
101360.KQ,벤처기업부,일차전지 및 이차전지 제조업
128540.KQ,우량기업부,자동차 신품 부품 제조업
383310.KQ,우량기업부,기타 화학제품 제조업
038110.KQ,우량기업부,자동차 신품 부품 제조업
073540.KQ,벤처기업부,통신 및 방송 장비 제조업
064850.KQ,벤처기업부,기타 정보 서비스업
036810.KQ,중견기업부,전자부품 제조업
173940.KQ,중견기업부,창작 및 예술관련 서비스업
083500.KQ,우량기업부,특수 목적용 기계 제조업
317530.KQ,기술성장기업부,"영화, 비디오물, 방송프로그램 제작 및 배급업"
054940.KQ,중견기업부,실내건축 및 건축마무리 공사업
950130.KQ,외국기업(소속부없음),의료용품 및 기타 의약 관련제품 제조업
373110.KQ,기술성장기업부,기초 의약물질 제조업
205100.KQ,벤처기업부,소프트웨어 개발 및 공급업
356680.KQ,벤처기업부,소프트웨어 개발 및 공급업
070300.KQ,벤처기업부,소프트웨어 개발 및 공급업
317770.KQ,벤처기업부,전자부품 제조업
373200.KQ,벤처기업부,그외 기타 제품 제조업
069920.KQ,투자주의환기종목(소속부없음),무점포 소매업
092870.KQ,우량기업부,특수 목적용 기계 제조업
317870.KQ,기술성장기업부,그외 기타 제품 제조업
067570.KQ,중견기업부,자동차 신품 부품 제조업
0004V0.KQ,기술성장기업부,기타 금속 가공제품 제조업
236810.KQ,기술성장기업부,광고업
333620.KQ,벤처기업부,기타 전기장비 제조업
101400.KQ,중견기업부,반도체 제조업
475230.KQ,벤처기업부,기타 금속 가공제품 제조업
451700.KQ,SPAC(소속부없음),금융 지원 서비스업
481890.KQ,SPAC(소속부없음),금융 지원 서비스업
0054V0.KQ,SPAC(소속부없음),금융 지원 서비스업
0130H0.KQ,SPAC(소속부없음),금융 지원 서비스업
265740.KQ,벤처기업부,기타 화학제품 제조업
354200.KQ,기술성장기업부,"그외 기타 전문, 과학 및 기술 서비스업"
455900.KQ,기술성장기업부,특수 목적용 기계 제조업
419080.KQ,기술성장기업부,특수 목적용 기계 제조업
183490.KQ,관리종목(소속부없음),기초 의약물질 제조업
182400.KQ,관리종목(소속부없음),기초 의약물질 제조업
348370.KQ,중견기업부,기초 화학물질 제조업
069410.KQ,벤처기업부,소프트웨어 개발 및 공급업
227950.KQ,벤처기업부,특수 목적용 기계 제조업
291230.KQ,중견기업부,기타 사업지원 서비스업
048830.KQ,중견기업부,합성고무 및 플라스틱 물질 제조업
096870.KQ,벤처기업부,반도체 제조업
290650.KQ,우량기업부,의약품 제조업
156100.KQ,벤처기업부,의료용 기기 제조업
0041J0.KQ,SPAC(소속부없음),금융 지원 서비스업
073110.KQ,벤처기업부,전자부품 제조업
083310.KQ,우량기업부,특수 목적용 기계 제조업
037950.KQ,중견기업부,전자부품 제조업
489500.KQ,벤처기업부,기타 화학제품 제조업
170920.KQ,벤처기업부,기초 화학물질 제조업
058630.KQ,우량기업부,소프트웨어 개발 및 공급업
226590.KQ,기술성장기업부,전자부품 제조업
058970.KQ,기술성장기업부,소프트웨어 개발 및 공급업
169330.KQ,중견기업부,시장조사 및 여론조사업
373170.KQ,벤처기업부,소프트웨어 개발 및 공급업
179290.KQ,우량기업부,의료용 기기 제조업
009780.KQ,우량기업부,기타 식품 제조업
123040.KQ,중견기업부,자동차 신품 부품 제조업
432980.KQ,기술성장기업부,기초 의약물질 제조업
007820.KQ,중견기업부,일반 목적용 기계 제조업
347890.KQ,벤처기업부,"측정, 시험, 항해, 제어 및 기타 정밀기기 제조업; 광학기기 제외"
413390.KQ,중견기업부,특수 목적용 기계 제조업
032790.KQ,벤처기업부,기계장비 및 관련 물품 도매업
033160.KQ,중견기업부,전자부품 제조업
033310.KQ,중견기업부,전자부품 제조업
259630.KQ,우량기업부,특수 목적용 기계 제조업
105550.KQ,중견기업부,전자부품 제조업
060850.KQ,벤처기업부,소프트웨어 개발 및 공급업
143540.KQ,벤처기업부,특수 목적용 기계 제조업
265560.KQ,우량기업부,자동차 신품 부품 제조업
036000.KQ,중견기업부,"서적, 잡지 및 기타 인쇄물 출판업"
250930.KQ,벤처기업부,플라스틱제품 제조업
053280.KQ,중견기업부,무점포 소매업
122640.KQ,벤처기업부,특수 목적용 기계 제조업
476040.KQ,기술성장기업부,자연과학 및 공학 연구개발업
900300.KQ,외국기업(소속부없음),기타 금융업
045060.KQ,우량기업부,기타 화학제품 제조업
192410.KQ,중견기업부,통신 및 방송 장비 제조업
080520.KQ,벤처기업부,반도체 제조업
039830.KQ,우량기업부,전문디자인업
322310.KQ,벤처기업부,특수 목적용 기계 제조업
046120.KQ,중견기업부,기타 과학기술 서비스업
475830.KQ,기술성장기업부,기초 의약물질 제조업
014940.KQ,우량기업부,일반 목적용 기계 제조업
065500.KQ,중견기업부,자동차 신품 부품 제조업
010470.KQ,우량기업부,광고업
417860.KQ,벤처기업부,소프트웨어 개발 및 공급업
352910.KQ,기술성장기업부,"컴퓨터 프로그래밍, 시스템 통합 및 관리업"
053980.KQ,우량기업부,소프트웨어 개발 및 공급업
036220.KQ,우량기업부,의료용 기기 제조업
052420.KQ,우량기업부,플라스틱제품 제조업
052300.KQ,중견기업부,상품 종합 도매업
039200.KQ,벤처기업부,의약품 제조업
226400.KQ,기술성장기업부,의료용 기기 제조업
031510.KQ,중견기업부,자동차 신품 부품 제조업
342870.KQ,중견기업부,가전제품 및 정보통신장비 소매업
368970.KQ,벤처기업부,동물용 사료 및 조제식품 제조업
138080.KQ,벤처기업부,통신 및 방송 장비 제조업
080580.KQ,벤처기업부,전자부품 제조업
067170.KQ,중견기업부,자동차 재제조 부품 제조업
353590.KQ,중견기업부,자동차 부품 및 내장품 판매업
173130.KQ,중견기업부,"컴퓨터 프로그래밍, 시스템 통합 및 관리업"
440320.KQ,기술성장기업부,소프트웨어 개발 및 공급업
049480.KQ,우량기업부,"컴퓨터 프로그래밍, 시스템 통합 및 관리업"
394280.KQ,기술성장기업부,소프트웨어 개발 및 공급업
476060.KQ,기술성장기업부,자연과학 및 공학 연구개발업
382150.KQ,기술성장기업부,자연과학 및 공학 연구개발업
244460.KQ,관리종목(소속부없음),기초 의약물질 제조업
226950.KQ,기술성장기업부,자연과학 및 공학 연구개발업
057540.KQ,중견기업부,"측정, 시험, 항해, 제어 및 기타 정밀기기 제조업; 광학기기 제외"
131030.KQ,우량기업부,의약품 제조업
082210.KQ,중견기업부,사진장비 및 광학기기 제조업
109080.KQ,벤처기업부,통신 및 방송 장비 제조업
380540.KQ,관리종목(소속부없음),마그네틱 및 광학 매체 제조업
153710.KQ,기술성장기업부,의료용품 및 기타 의약 관련제품 제조업
432430.KQ,기술성장기업부,"영화, 비디오물, 방송프로그램 제작 및 배급업"
338840.KQ,기술성장기업부,자연과학 및 공학 연구개발업
122990.KQ,중견기업부,전자부품 제조업
232140.KQ,우량기업부,특수 목적용 기계 제조업
112290.KQ,기술성장기업부,기타 화학제품 제조업
065530.KQ,우량기업부,전기 통신업
067900.KQ,우량기업부,폐기물 처리업
007530.KQ,중견기업부,기타 금속 가공제품 제조업
155650.KQ,우량기업부,전자부품 제조업
273640.KQ,벤처기업부,"전동기, 발전기 및 전기 변환 · 공급 · 제어 장치 제조업"
251370.KQ,벤처기업부,기초 화학물질 제조업
209640.KQ,중견기업부,특수 목적용 기계 제조업
096250.KQ,기술성장기업부,소프트웨어 개발 및 공급업
273060.KQ,중견기업부,광고업
019210.KQ,우량기업부,기타 금속 가공제품 제조업
122870.KQ,우량기업부,오디오물 출판 및 원판 녹음업
079000.KQ,중견기업부,플라스틱제품 제조업
403490.KQ,벤처기업부,"과실, 채소 가공 및 저장 처리업"
032820.KQ,벤처기업부,"전동기, 발전기 및 전기 변환 · 공급 · 제어 장치 제조업"
041190.KQ,우량기업부,기타 금융업
115440.KQ,우량기업부,통신 및 방송 장비 제조업
046970.KQ,벤처기업부,기타 전문 도매업
082850.KQ,중견기업부,기타 식품 제조업
215360.KQ,우량기업부,자동차 신품 부품 제조업
072470.KQ,중견기업부,자동차 신품 부품 제조업
073560.KQ,우량기업부,"도축, 육류 가공 및 저장 처리업"
037400.KQ,중견기업부,상품 종합 도매업
153490.KQ,우량기업부,반도체 제조업
101170.KQ,벤처기업부,일반 목적용 기계 제조업
103840.KQ,중견기업부,"과실, 채소 가공 및 저장 처리업"
101970.KQ,중견기업부,"구조용 금속제품, 탱크 및 증기발생기 제조업"
046940.KQ,우량기업부,기반조성 및 시설물 축조관련 전문공사업
215380.KQ,벤처기업부,자연과학 및 공학 연구개발업
065680.KQ,우량기업부,전자부품 제조업
018620.KQ,벤처기업부,의약품 제조업
457550.KQ,중견기업부,"그외 기타 전문, 과학 및 기술 서비스업"
396470.KQ,중견기업부,특수 목적용 기계 제조업
307280.KQ,벤처기업부,의료용품 및 기타 의약 관련제품 제조업
032940.KQ,우량기업부,기계장비 및 관련 물품 도매업
104830.KQ,우량기업부,기초 화학물질 제조업
014190.KQ,우량기업부,기타 전문 도매업
217820.KQ,중견기업부,특수 목적용 기계 제조업
030530.KQ,중견기업부,기초 화학물질 제조업
012620.KQ,우량기업부,1차 철강 제조업
136150.KQ,벤처기업부,일반 목적용 기계 제조업
382840.KQ,중견기업부,특수 목적용 기계 제조업
336570.KQ,우량기업부,의료용 기기 제조업
376980.KQ,기술성장기업부,소프트웨어 개발 및 공급업
008370.KQ,우량기업부,플라스틱제품 제조업
008290.KQ,투자주의환기종목(소속부없음),봉제의복 제조업
101160.KQ,우량기업부,전자부품 제조업
336060.KQ,벤처기업부,소프트웨어 개발 및 공급업
095270.KQ,벤처기업부,"측정, 시험, 항해, 제어 및 기타 정밀기기 제조업; 광학기기 제외"
289930.KQ,기술성장기업부,반도체 제조업
065950.KQ,중견기업부,직물직조 및 직물제품 제조업
076080.KQ,중견기업부,건물 건설업
043590.KQ,중견기업부,반도체 제조업
196700.KQ,벤처기업부,합성고무 및 플라스틱 물질 제조업
053580.KQ,우량기업부,소프트웨어 개발 및 공급업
479960.KQ,중견기업부,기타 전기장비 제조업
044340.KQ,중견기업부,가정용 기기 제조업
330350.KQ,우량기업부,의약품 제조업
348350.KQ,벤처기업부,"측정, 시험, 항해, 제어 및 기타 정밀기기 제조업; 광학기기 제외"
112040.KQ,중견기업부,소프트웨어 개발 및 공급업
101730.KQ,중견기업부,소프트웨어 개발 및 공급업
123420.KQ,우량기업부,소프트웨어 개발 및 공급업
065370.KQ,벤처기업부,소프트웨어 개발 및 공급업
038620.KQ,벤처기업부,연료 소매업
299900.KQ,중견기업부,"영화, 비디오물, 방송프로그램 제작 및 배급업"
036090.KQ,중견기업부,특수 목적용 기계 제조업
459100.KQ,중견기업부,전자부품 제조업
136540.KQ,우량기업부,"컴퓨터 프로그래밍, 시스템 통합 및 관리업"
097800.KQ,중견기업부,반도체 제조업
192390.KQ,벤처기업부,"구조용 금속제품, 탱크 및 증기발생기 제조업"
335870.KQ,중견기업부,"섬유, 의복, 신발 및 가죽제품 소매업"
900340.KQ,외국기업(소속부없음),기타 금융업
036200.KQ,우량기업부,특수 목적용 기계 제조업
018000.KQ,중견기업부,일반 목적용 기계 제조업
203450.KQ,벤처기업부,통신 및 방송 장비 제조업
011320.KQ,우량기업부,자동차 신품 부품 제조업
086390.KQ,중견기업부,특수 목적용 기계 제조업
241690.KQ,우량기업부,자동차 신품 부품 제조업
142210.KQ,우량기업부,자동차 부품 및 내장품 판매업
389680.KQ,기술성장기업부,소프트웨어 개발 및 공급업
088340.KQ,벤처기업부,소프트웨어 개발 및 공급업
048430.KQ,우량기업부,"전동기, 발전기 및 전기 변환 · 공급 · 제어 장치 제조업"
206650.KQ,우량기업부,의약품 제조업
089850.KQ,우량기업부,소프트웨어 개발 및 공급업
084440.KQ,기술성장기업부,소프트웨어 개발 및 공급업
264450.KQ,우량기업부,통신 및 방송 장비 제조업
078070.KQ,중견기업부,기타 금융업
024800.KQ,우량기업부,육상 여객 운송업
054930.KQ,우량기업부,"건축기술, 엔지니어링 및 관련 기술 서비스업"
069330.KQ,벤처기업부,전자부품 제조업
049520.KQ,우량기업부,전자부품 제조업
473050.KQ,SPAC(소속부없음),금융 지원 서비스업
474490.KQ,SPAC(소속부없음),금융 지원 서비스업
493790.KQ,SPAC(소속부없음),금융 지원 서비스업
263770.KQ,우량기업부,1차 철강 제조업
388720.KQ,벤처기업부,특수 목적용 기계 제조업
340930.KQ,관리종목(소속부없음),특수 목적용 기계 제조업
023410.KQ,중견기업부,"시멘트, 석회, 플라스터 및 그 제품 제조업"
056080.KQ,중견기업부,특수 목적용 기계 제조업
468760.KQ,SPAC(소속부없음),금융 지원 서비스업
488060.KQ,SPAC(소속부없음),금융 지원 서비스업
0105P0.KQ,SPAC(소속부없음),금융 지원 서비스업
084370.KQ,우량기업부,특수 목적용 기계 제조업
240600.KQ,벤처기업부,기타 금속 가공제품 제조업
179900.KQ,투자주의환기종목(소속부없음),전자부품 제조업
263050.KQ,관리종목(소속부없음),기초 의약물질 제조업
191410.KQ,중견기업부,전자부품 제조업
372170.KQ,우량기업부,특수 목적용 기계 제조업
146060.KQ,중견기업부,1차 철강 제조업
039020.KQ,중견기업부,제재 및 목재 가공업
067920.KQ,우량기업부,기타 정보 서비스업
044960.KQ,중견기업부,기타 전문 도매업
303530.KQ,벤처기업부,소프트웨어 개발 및 공급업
302430.KQ,벤처기업부,특수 목적용 기계 제조업
462350.KQ,기술성장기업부,"항공기,우주선 및 부품 제조업"
274400.KQ,기술성장기업부,소프트웨어 개발 및 공급업
296640.KQ,벤처기업부,소프트웨어 개발 및 공급업
215790.KQ,중견기업부,통신 및 방송 장비 제조업
344860.KQ,기술성장기업부,기타 화학제품 제조업
333050.KQ,벤처기업부,소프트웨어 개발 및 공급업
469610.KQ,중견기업부,특수 목적용 기계 제조업
088390.KQ,중견기업부,그외 기타 운송장비 제조업
053350.KQ,중견기업부,소프트웨어 개발 및 공급업
452400.KQ,우량기업부,자동차 신품 부품 제조업
264850.KQ,중견기업부,전자부품 제조업
054210.KQ,우량기업부,전자부품 제조업
009730.KQ,투자주의환기종목(소속부없음),1차 철강 제조업
065440.KQ,벤처기업부,소프트웨어 개발 및 공급업
424870.KQ,기술성장기업부,자연과학 및 공학 연구개발업
115610.KQ,벤처기업부,반도체 제조업
478110.KQ,SPAC(소속부없음),금융 지원 서비스업
131400.KQ,벤처기업부,전자부품 제조업
351330.KQ,벤처기업부,"컴퓨터 프로그래밍, 시스템 통합 및 관리업"
080010.KQ,중견기업부,상품 중개업
086890.KQ,중견기업부,의료용품 및 기타 의약 관련제품 제조업
047560.KQ,중견기업부,소프트웨어 개발 및 공급업
239340.KQ,중견기업부,"자료처리, 호스팅, 포털 및 기타 인터넷 정보매개 서비스업"
067010.KQ,벤처기업부,"컴퓨터 프로그래밍, 시스템 통합 및 관리업"
456070.KQ,기술성장기업부,기초 의약물질 제조업
102710.KQ,우량기업부,기타 화학제품 제조업
041520.KQ,투자주의환기종목(소속부없음),"측정, 시험, 항해, 제어 및 기타 정밀기기 제조업; 광학기기 제외"
063760.KQ,벤처기업부,"측정, 시험, 항해, 제어 및 기타 정밀기기 제조업; 광학기기 제외"
123570.KQ,중견기업부,광고업
083470.KQ,벤처기업부,기초 화학물질 제조업
091120.KQ,중견기업부,전자부품 제조업
294090.KQ,관리종목(소속부없음),의료용 기기 제조업
088290.KQ,관리종목(소속부없음),자동차 신품 부품 제조업
353810.KQ,우량기업부,동물용 사료 및 조제식품 제조업
261520.KQ,기술성장기업부,소프트웨어 개발 및 공급업
099750.KQ,벤처기업부,소프트웨어 개발 및 공급업
377330.KQ,기술성장기업부,"전동기, 발전기 및 전기 변환 · 공급 · 제어 장치 제조업"
035810.KQ,우량기업부,동물용 사료 및 조제식품 제조업
092130.KQ,중견기업부,기타 정보 서비스업
134060.KQ,벤처기업부,"서적, 잡지 및 기타 인쇄물 출판업"
001840.KQ,관리종목(소속부없음),건물 건설업
041830.KQ,우량기업부,의료용 기기 제조업
352940.KQ,벤처기업부,"비료, 농약 및 살균, 살충제 제조업"
079950.KQ,관리종목(소속부없음),특수 목적용 기계 제조업
0007J0.KQ,기술성장기업부,자연과학 및 공학 연구개발업
389470.KQ,기술성장기업부,자연과학 및 공학 연구개발업
277410.KQ,벤처기업부,기타 식품 제조업
060150.KQ,중견기업부,폐기물 처리업
033230.KQ,중견기업부,"컴퓨터 프로그래밍, 시스템 통합 및 관리업"
450520.KQ,벤처기업부,소프트웨어 개발 및 공급업
465480.KQ,벤처기업부,소프트웨어 개발 및 공급업
037330.KQ,우량기업부,전자부품 제조업
100030.KQ,중견기업부,소프트웨어 개발 및 공급업
211050.KQ,우량기업부,보험 및 연금관련 서비스업
083640.KQ,벤처기업부,상품 종합 도매업
064090.KQ,관리종목(소속부없음),상품 종합 도매업
216050.KQ,중견기업부,광고업
049070.KQ,우량기업부,통신 및 방송 장비 제조업
119610.KQ,우량기업부,의료용 기기 제조업
017250.KQ,중견기업부,영상 및 음향기기 제조업
051370.KQ,우량기업부,전자부품 제조업
064290.KQ,중견기업부,특수 목적용 기계 제조업
189300.KQ,우량기업부,통신 및 방송 장비 제조업
287840.KQ,기술성장기업부,자연과학 및 공학 연구개발업
048530.KQ,기술성장기업부,기초 의약물질 제조업
070590.KQ,중견기업부,"컴퓨터 프로그래밍, 시스템 통합 및 관리업"
115310.KQ,벤처기업부,전기 통신업
039290.KQ,중견기업부,기타 정보 서비스업
071200.KQ,중견기업부,소프트웨어 개발 및 공급업
101930.KQ,우량기업부,선박 및 보트 건조업
333430.KQ,중견기업부,선박 및 보트 건조업
068330.KQ,중견기업부,일반 목적용 기계 제조업
178780.KQ,벤처기업부,상품 종합 도매업
019540.KQ,우량기업부,자동차 신품 부품 제조업
094820.KQ,우량기업부,전기 및 통신 공사업
950140.KQ,외국기업(소속부없음),기타 화학제품 제조업
049550.KQ,우량기업부,기타 화학제품 제조업
389020.KQ,기술성장기업부,반도체 제조업
254120.KQ,기술성장기업부,특수 목적용 기계 제조업
043910.KQ,벤처기업부,"시멘트, 석회, 플라스터 및 그 제품 제조업"
234920.KQ,관리종목(소속부없음),가정용 기기 제조업
289220.KQ,기술성장기업부,"영화, 비디오물, 방송프로그램 제작 및 배급업"
049630.KQ,우량기업부,사진장비 및 광학기기 제조업
417840.KQ,벤처기업부,특수 목적용 기계 제조업
110020.KQ,기술성장기업부,기타 화학제품 제조업
208140.KQ,우량기업부,"도축, 육류 가공 및 저장 처리업"
040420.KQ,우량기업부,일반 교습 학원
045510.KQ,중견기업부,기계장비 및 관련 물품 도매업
217190.KQ,벤처기업부,특수 목적용 기계 제조업
095700.KQ,기술성장기업부,자연과학 및 공학 연구개발업
122310.KQ,우량기업부,의료용 기기 제조업
361390.KQ,벤처기업부,통신 및 방송 장비 제조업
225220.KQ,벤처기업부,기초 의약물질 제조업
123330.KQ,우량기업부,기타 화학제품 제조업
381620.KQ,중견기업부,특수 목적용 기계 제조업
159580.KQ,중견기업부,생활용품 도매업
147830.KQ,벤처기업부,"구조용 금속제품, 탱크 및 증기발생기 제조업"
033100.KQ,우량기업부,"전동기, 발전기 및 전기 변환 · 공급 · 제어 장치 제조업"
079370.KQ,우량기업부,특수 목적용 기계 제조업
054950.KQ,우량기업부,일반 목적용 기계 제조업
090470.KQ,벤처기업부,특수 목적용 기계 제조업
023440.KQ,관리종목(소속부없음),1차 철강 제조업
137950.KQ,우량기업부,기타 화학제품 제조업
033320.KQ,벤처기업부,기계장비 및 관련 물품 도매업
417500.KQ,우량기업부,기타 화학제품 제조업
204270.KQ,중견기업부,전자부품 제조업
127120.KQ,벤처기업부,자연과학 및 공학 연구개발업
026040.KQ,중견기업부,귀금속 및 장신용품 제조업
452160.KQ,중견기업부,특수 목적용 기계 제조업
126880.KQ,우량기업부,일반 목적용 기계 제조업
322510.KQ,기술성장기업부,소프트웨어 개발 및 공급업
033050.KQ,중견기업부,기타 화학제품 제조업
094970.KQ,벤처기업부,전자부품 제조업
418550.KQ,기술성장기업부,"건축기술, 엔지니어링 및 관련 기술 서비스업"
060230.KQ,중견기업부,기타 화학제품 제조업
420570.KQ,벤처기업부,기타 화학제품 제조업
089790.KQ,벤처기업부,특수 목적용 기계 제조업
0010V0.KQ,벤처기업부,의료용 기기 제조업
412540.KQ,관리종목(소속부없음),특수 목적용 기계 제조업
199820.KQ,우량기업부,"전동기, 발전기 및 전기 변환 · 공급 · 제어 장치 제조업"
038010.KQ,우량기업부,"구조용 금속제품, 탱크 및 증기발생기 제조업"
080220.KQ,우량기업부,반도체 제조업
216080.KQ,벤처기업부,의료용품 및 기타 의약 관련제품 제조업
337930.KQ,우량기업부,기타 정보 서비스업
229000.KQ,기술성장기업부,의료용품 및 기타 의약 관련제품 제조업
082270.KQ,벤처기업부,특수 목적용 기계 제조업
034940.KQ,중견기업부,의약품 제조업
067000.KQ,중견기업부,소프트웨어 개발 및 공급업
309930.KQ,중견기업부,기타 생활용품 소매업
018700.KQ,투자주의환기종목(소속부없음),생활용품 도매업
033340.KQ,중견기업부,봉제의복 제조업
072020.KQ,벤처기업부,기초 의약물질 제조업
000440.KQ,중견기업부,기타 전문 도매업
051980.KQ,중견기업부,통신 및 방송 장비 제조업
221800.KQ,투자주의환기종목(소속부없음),기타 과학기술 서비스업
228760.KQ,기술성장기업부,자연과학 및 공학 연구개발업
314130.KQ,기술성장기업부,기초 의약물질 제조업
389030.KQ,기술성장기업부,자연과학 및 공학 연구개발업
263860.KQ,벤처기업부,소프트웨어 개발 및 공급업
303030.KQ,벤처기업부,반도체 제조업
208350.KQ,벤처기업부,소프트웨어 개발 및 공급업
446840.KQ,기술성장기업부,"측정, 시험, 항해, 제어 및 기타 정밀기기 제조업; 광학기기 제외"
144510.KQ,중견기업부,"그외 기타 전문, 과학 및 기술 서비스업"
340450.KQ,기술성장기업부,"그외 기타 전문, 과학 및 기술 서비스업"
306620.KQ,벤처기업부,특수 목적용 기계 제조업
358570.KQ,기술성장기업부,자연과학 및 공학 연구개발업
382480.KQ,벤처기업부,특수 목적용 기계 제조업
382800.KQ,우량기업부,특수 목적용 기계 제조업
051160.KQ,중견기업부,소프트웨어 개발 및 공급업
053050.KQ,우량기업부,연료용 가스 제조 및 배관공급업
388610.KQ,기술성장기업부,기타 화학제품 제조업
493330.KQ,벤처기업부,일반 목적용 기계 제조업
119850.KQ,우량기업부,"전동기, 발전기 및 전기 변환 · 공급 · 제어 장치 제조업"
065060.KQ,중견기업부,봉제의복 제조업
204840.KQ,기술성장기업부,생활용품 도매업
311320.KQ,기술성장기업부,전자부품 제조업
456160.KQ,기술성장기업부,의약품 제조업
388050.KQ,우량기업부,"전동기, 발전기 및 전기 변환 · 공급 · 제어 장치 제조업"
018120.KQ,우량기업부,알코올음료 제조업
109820.KQ,기술성장기업부,자연과학 및 공학 연구개발업
086060.KQ,중견기업부,산업용 농·축산물 및 동·식물 도매업
036890.KQ,우량기업부,특수 목적용 기계 제조업
363250.KQ,기술성장기업부,의료용 기기 제조업
007370.KQ,우량기업부,의약품 제조업
285800.KQ,벤처기업부,플라스틱제품 제조업
085660.KQ,중견기업부,기초 의약물질 제조업
261780.KQ,기술성장기업부,자연과학 및 공학 연구개발업
351870.KQ,중견기업부,광고업
094850.KQ,우량기업부,여행사 및 기타 여행보조 서비스업
004650.KQ,우량기업부,알코올음료 제조업
0011T0.KQ,기술성장기업부,"전동기, 발전기 및 전기 변환 · 공급 · 제어 장치 제조업"
278280.KQ,중견기업부,기초 화학물질 제조업
362320.KQ,중견기업부,생활용품 도매업
066360.KQ,우량기업부,"도축, 육류 가공 및 저장 처리업"
047820.KQ,중견기업부,"영화, 비디오물, 방송프로그램 제작 및 배급업"
094360.KQ,벤처기업부,반도체 제조업
0082N0.KQ,기술성장기업부,자연과학 및 공학 연구개발업
016920.KQ,중견기업부,기계장비 및 관련 물품 도매업
284620.KQ,투자주의환기종목(소속부없음),자연과학 및 공학 연구개발업
140430.KQ,중견기업부,"컴퓨터 프로그래밍, 시스템 통합 및 관리업"
042000.KQ,우량기업부,"자료처리, 호스팅, 포털 및 기타 인터넷 정보매개 서비스업"
313760.KQ,관리종목(소속부없음),"전동기, 발전기 및 전기 변환 · 공급 · 제어 장치 제조업"
071850.KQ,투자주의환기종목(소속부없음),자동차 신품 부품 제조업
198080.KQ,우량기업부,전자부품 제조업
210120.KQ,중견기업부,"영화, 비디오물, 방송프로그램 제작 및 배급업"
050110.KQ,중견기업부,전자부품 제조업
452300.KQ,중견기업부,기타 금융업
451760.KQ,기술성장기업부,"컴퓨터 프로그래밍, 시스템 통합 및 관리업"
900310.KQ,외국기업(소속부없음),기타 금융업
063080.KQ,중견기업부,소프트웨어 개발 및 공급업
307930.KQ,중견기업부,기타 금융업
079190.KQ,벤처기업부,통신 및 방송 장비 제조업
263700.KQ,중견기업부,광고업
214370.KQ,벤처기업부,기초 의약물질 제조업
221980.KQ,우량기업부,기타 화학제품 제조업
038530.KQ,중견기업부,생활용품 도매업
192250.KQ,벤처기업부,소프트웨어 개발 및 공급업
431190.KQ,기술성장기업부,소프트웨어 개발 및 공급업
115500.KQ,중견기업부,"컴퓨터 프로그래밍, 시스템 통합 및 관리업"
089150.KQ,벤처기업부,"컴퓨터 프로그래밍, 시스템 통합 및 관리업"
025880.KQ,우량기업부,동물용 사료 및 조제식품 제조업
093320.KQ,우량기업부,"자료처리, 호스팅, 포털 및 기타 인터넷 정보매개 서비스업"
093640.KQ,벤처기업부,반도체 제조업
073010.KQ,우량기업부,일반 목적용 기계 제조업
105330.KQ,중견기업부,자동차 신품 부품 제조업
053080.KQ,중견기업부,일반 목적용 기계 제조업
199430.KQ,기술성장기업부,"측정, 시험, 항해, 제어 및 기타 정밀기기 제조업; 광학기기 제외"
432470.KQ,벤처기업부,특수 목적용 기계 제조업
272110.KQ,우량기업부,반도체 제조업
039420.KQ,중견기업부,전기 통신업
083550.KQ,중견기업부,기타 섬유제품 제조업
032500.KQ,중견기업부,통신 및 방송 장비 제조업
225430.KQ,벤처기업부,기타 화학제품 제조업
102370.KQ,기술성장기업부,상품 중개업
068100.KQ,기술성장기업부,일반 목적용 기계 제조업
106080.KQ,관리종목(소속부없음),전자부품 제조업
455180.KQ,벤처기업부,특수 목적용 기계 제조업
036030.KQ,우량기업부,상품 중개업
064820.KQ,우량기업부,선박 및 보트 건조업
024880.KQ,우량기업부,기타 금속 가공제품 제조업
042040.KQ,중견기업부,기타 전문 도매업
054410.KQ,중견기업부,"섬유, 의복, 신발 및 가죽제품 소매업"
288180.KQ,중견기업부,"항공기,우주선 및 부품 제조업"
258610.KQ,중견기업부,"구조용 금속제품, 탱크 및 증기발생기 제조업"
274090.KQ,기술성장기업부,"항공기,우주선 및 부품 제조업"
089010.KQ,우량기업부,기타 화학제품 제조업
220260.KQ,벤처기업부,기타 화학제품 제조업
052400.KQ,우량기업부,소프트웨어 개발 및 공급업
402030.KQ,기술성장기업부,소프트웨어 개발 및 공급업
391710.KQ,벤처기업부,특수 목적용 기계 제조업
046070.KQ,관리종목(소속부없음),자동차 신품 부품 제조업
047770.KQ,중견기업부,봉제의복 제조업
080530.KQ,중견기업부,기타 화학제품 제조업
104540.KQ,기술성장기업부,의료용 기기 제조업
027050.KQ,중견기업부,기타 화학제품 제조업
190650.KQ,우량기업부,금융 지원 서비스업
123410.KQ,우량기업부,자동차 신품 부품 제조업
036690.KQ,관리종목(소속부없음),통신 및 방송 장비 제조업
049430.KQ,우량기업부,"측정, 시험, 항해, 제어 및 기타 정밀기기 제조업; 광학기기 제외"
041960.KQ,벤처기업부,의약품 제조업
089890.KQ,우량기업부,특수 목적용 기계 제조업
360350.KQ,기술성장기업부,"측정, 시험, 항해, 제어 및 기타 정밀기기 제조업; 광학기기 제외"
082660.KQ,관리종목(소속부없음),기타 화학제품 제조업
043710.KQ,중견기업부,기타 전문 도매업
222040.KQ,중견기업부,기타 식품 제조업
241710.KQ,우량기업부,기타 화학제품 제조업
439960.KQ,기술성장기업부,의료용 기기 제조업
355150.KQ,벤처기업부,반도체 제조업
166480.KQ,벤처기업부,의약품 제조업
045970.KQ,중견기업부,전자부품 제조업
196450.KQ,중견기업부,사진장비 및 광학기기 제조업
384470.KQ,기술성장기업부,소프트웨어 개발 및 공급업
102940.KQ,중견기업부,기초 의약물질 제조업
950160.KQ,외국기업(소속부없음),기초 의약물질 제조업
056360.KQ,벤처기업부,통신 및 방송 장비 제조업
282880.KQ,우량기업부,특수 목적용 기계 제조업
121850.KQ,투자주의환기종목(소속부없음),플라스틱제품 제조업
448710.KQ,벤처기업부,컴퓨터 및 주변장치 제조업
126730.KQ,벤처기업부,전자부품 제조업
015710.KQ,우량기업부,통신 및 방송 장비 제조업
052330.KQ,우량기업부,영상 및 음향기기 제조업
322780.KQ,중견기업부,"영화, 비디오물, 방송프로그램 제작 및 배급업"
294570.KQ,우량기업부,기타 정보 서비스업
464490.KQ,기술성장기업부,기초 의약물질 제조업
317690.KQ,기술성장기업부,의료용 기기 제조업
432720.KQ,기술성장기업부,반도체 제조업
365270.KQ,기술성장기업부,자연과학 및 공학 연구개발업
348080.KQ,중견기업부,자연과학 및 공학 연구개발업
060280.KQ,중견기업부,기타 상품 전문 소매업
372320.KQ,기술성장기업부,자연과학 및 공학 연구개발업
051780.KQ,중견기업부,음·식료품 및 담배 소매업
115180.KQ,벤처기업부,자연과학 및 공학 연구개발업
494120.KQ,기술성장기업부,사진장비 및 광학기기 제조업
445680.KQ,기술성장기업부,의료용 기기 제조업
182360.KQ,우량기업부,오디오물 출판 및 원판 녹음업
405100.KQ,중견기업부,"그외 기타 전문, 과학 및 기술 서비스업"
066310.KQ,벤처기업부,반도체 제조업
377460.KQ,관리종목(소속부없음),개인 및 가정용품 수리업
016600.KQ,중견기업부,기타 금융업
355390.KQ,기술성장기업부,소프트웨어 개발 및 공급업
096240.KQ,우량기업부,일반 교습 학원
040350.KQ,벤처기업부,"컴퓨터 프로그래밍, 시스템 통합 및 관리업"
110790.KQ,우량기업부,봉제의복 제조업
900250.KQ,외국기업(소속부없음),기타 금융업
045520.KQ,중견기업부,일반 목적용 기계 제조업
466100.KQ,기술성장기업부,소프트웨어 개발 및 공급업
237880.KQ,우량기업부,기타 화학제품 제조업
139670.KQ,중견기업부,소프트웨어 개발 및 공급업
475430.KQ,중견기업부,절연선 및 케이블 제조업
487720.KQ,SPAC(소속부없음),금융 지원 서비스업
489480.KQ,SPAC(소속부없음),금융 지원 서비스업
466690.KQ,SPAC(소속부없음),금융 지원 서비스업
0131D0.KQ,SPAC(소속부없음),금융 지원 서비스업
054780.KQ,중견기업부,"영화, 비디오물, 방송프로그램 제작 및 배급업"
256940.KQ,벤처기업부,의약품 제조업
219130.KQ,벤처기업부,전자부품 제조업
336680.KQ,중견기업부,전자부품 제조업
360070.KQ,중견기업부,일차전지 및 이차전지 제조업
065130.KQ,중견기업부,특수 목적용 기계 제조업
134580.KQ,중견기업부,"자료처리, 호스팅, 포털 및 기타 인터넷 정보매개 서비스업"
023160.KQ,우량기업부,1차 철강 제조업
323280.KQ,중견기업부,특수 목적용 기계 제조업
053620.KQ,우량기업부,기타 금속 가공제품 제조업
044490.KQ,우량기업부,기타 금속 가공제품 제조업
124560.KQ,우량기업부,기타 운송관련 서비스업
191420.KQ,벤처기업부,기초 의약물질 제조업
950250.KQ,기술성장기업부,기타 금융업
073640.KQ,관리종목(소속부없음),기타 금속 가공제품 제조업
066700.KQ,중견기업부,의약품 제조업
095610.KQ,우량기업부,특수 목적용 기계 제조업
064520.KQ,중견기업부,반도체 제조업
089030.KQ,중견기업부,특수 목적용 기계 제조업
054450.KQ,중견기업부,반도체 제조업
200230.KQ,중견기업부,의약품 제조업
393210.KQ,기술성장기업부,소프트웨어 개발 및 공급업
475960.KQ,기술성장기업부,사진장비 및 광학기기 제조업
215480.KQ,중견기업부,"섬유, 의복, 신발 및 가죽제품 소매업"
051360.KQ,우량기업부,영상 및 음향기기 제조업
045340.KQ,벤처기업부,소프트웨어 개발 및 공급업
108230.KQ,우량기업부,특수 목적용 기계 제조업
079970.KQ,관리종목(소속부없음),소프트웨어 개발 및 공급업
199800.KQ,기술성장기업부,자연과학 및 공학 연구개발업
417790.KQ,벤처기업부,영상 및 음향기기 제조업
290090.KQ,벤처기업부,소프트웨어 개발 및 공급업
026150.KQ,중견기업부,토목 건설업
464280.KQ,중견기업부,의약품 제조업
117730.KQ,벤처기업부,특수 목적용 기계 제조업
033830.KQ,중견기업부,텔레비전 방송업
057680.KQ,벤처기업부,소프트웨어 개발 및 공급업
204610.KQ,벤처기업부,소프트웨어 개발 및 공급업
125020.KQ,중견기업부,절연선 및 케이블 제조업
246710.KQ,기술성장기업부,기초 의약물질 제조업
340570.KQ,우량기업부,의료용품 및 기타 의약 관련제품 제조업
043220.KQ,관리종목(소속부없음),특수 목적용 기계 제조업
277880.KQ,우량기업부,특수 목적용 기계 제조업
131290.KQ,우량기업부,"측정, 시험, 항해, 제어 및 기타 정밀기기 제조업; 광학기기 제외"
425420.KQ,우량기업부,전자부품 제조업
484810.KQ,벤처기업부,일반 목적용 기계 제조업
131100.KQ,중견기업부,"영화, 비디오물, 방송프로그램 제작 및 배급업"
356860.KQ,우량기업부,전자부품 제조업
321550.KQ,기술성장기업부,자연과학 및 공학 연구개발업
425040.KQ,우량기업부,기초 화학물질 제조업
241790.KQ,우량기업부,특수 목적용 기계 제조업
022220.KQ,중견기업부,플라스틱제품 제조업
104480.KQ,중견기업부,화학섬유 제조업
081150.KQ,중견기업부,1차 비철금속 제조업
130740.KQ,중견기업부,자동차 신품 부품 제조업
084730.KQ,중견기업부,통신 및 방송 장비 제조업
440110.KQ,기술성장기업부,반도체 제조업
290560.KQ,벤처기업부,소프트웨어 개발 및 공급업
288330.KQ,관리종목(소속부없음),"그외 기타 전문, 과학 및 기술 서비스업"
033540.KQ,중견기업부,특수 목적용 기계 제조업
388870.KQ,기술성장기업부,자연과학 및 공학 연구개발업
043200.KQ,벤처기업부,"전동기, 발전기 및 전기 변환 · 공급 · 제어 장치 제조업"
177830.KQ,벤처기업부,전자부품 제조업
037070.KQ,중견기업부,가정용 기기 제조업
150900.KQ,벤처기업부,소프트웨어 개발 및 공급업
037030.KQ,우량기업부,"전동기, 발전기 및 전기 변환 · 공급 · 제어 장치 제조업"
047310.KQ,우량기업부,"전동기, 발전기 및 전기 변환 · 공급 · 제어 장치 제조업"
368770.KQ,벤처기업부,"측정, 시험, 항해, 제어 및 기타 정밀기기 제조업; 광학기기 제외"
170790.KQ,우량기업부,통신 및 방송 장비 제조업
900100.KQ,외국기업(소속부없음),자동차 부품 및 내장품 판매업
049120.KQ,벤처기업부,전자부품 제조업
038950.KQ,중견기업부,통신 및 방송 장비 제조업
387570.KQ,기술성장기업부,의료용 기기 제조업
441270.KQ,벤처기업부,전자부품 제조업
106240.KQ,벤처기업부,전구 및 조명장치 제조업
131760.KQ,벤처기업부,특수 목적용 기계 제조업
065690.KQ,투자주의환기종목(소속부없음),고무제품 제조업
032800.KQ,중견기업부,창작 및 예술관련 서비스업
318010.KQ,벤처기업부,기타 식품 제조업
027710.KQ,우량기업부,동물용 사료 및 조제식품 제조업
225590.KQ,우량기업부,봉제의복 제조업
054300.KQ,벤처기업부,일반 목적용 기계 제조업
068050.KQ,중견기업부,"영화, 비디오물, 방송프로그램 제작 및 배급업"
222110.KQ,기술성장기업부,의약품 제조업
271830.KQ,벤처기업부,특수 목적용 기계 제조업
251970.KQ,우량기업부,플라스틱제품 제조업
187660.KQ,중견기업부,자연과학 및 공학 연구개발업
0015S0.KQ,기술성장기업부,"그외 기타 전문, 과학 및 기술 서비스업"
168360.KQ,벤처기업부,특수 목적용 기계 제조업
087010.KQ,기술성장기업부,기초 의약물질 제조업
064800.KQ,중견기업부,"섬유, 의복, 신발 및 가죽제품 소매업"
119500.KQ,중견기업부,기타 금속 가공제품 제조업
389140.KQ,벤처기업부,"영화, 비디오물, 방송프로그램 제작 및 배급업"
105760.KQ,우량기업부,일반 목적용 기계 제조업
189690.KQ,벤처기업부,소프트웨어 개발 및 공급업
318020.KQ,벤처기업부,컴퓨터 및 주변장치 제조업
256630.KQ,벤처기업부,기타 금속 가공제품 제조업
331380.KQ,투자주의환기종목(소속부없음),영상 및 음향기기 제조업
208710.KQ,중견기업부,전자부품 제조업
472850.KQ,중견기업부,"섬유, 의복, 신발 및 가죽제품 소매업"
039980.KQ,중견기업부,"컴퓨터 프로그래밍, 시스템 통합 및 관리업"
041910.KQ,우량기업부,의약품 제조업
234100.KQ,우량기업부,자동차 신품 부품 제조업
041020.KQ,벤처기업부,소프트웨어 개발 및 공급업
114630.KQ,우량기업부,화학섬유 제조업
487580.KQ,벤처기업부,가정용 기기 제조업
290720.KQ,중견기업부,무점포 소매업
005670.KQ,우량기업부,"과실, 채소 가공 및 저장 처리업"
094940.KQ,벤처기업부,컴퓨터 및 주변장치 제조업
007330.KQ,투자주의환기종목(소속부없음),은행 및 저축기관
093380.KQ,중견기업부,기타 금속 가공제품 제조업
023900.KQ,우량기업부,알코올음료 제조업
371950.KQ,기술성장기업부,전자부품 제조업
298060.KQ,관리종목(소속부없음),의약품 제조업
370090.KQ,기술성장기업부,"측정, 시험, 항해, 제어 및 기타 정밀기기 제조업; 광학기기 제외"
445180.KQ,우량기업부,기초 화학물질 제조업
220100.KQ,기술성장기업부,의약품 제조업
035200.KQ,벤처기업부,플라스틱제품 제조업
334970.KQ,기술성장기업부,의약품 제조업
227100.KQ,관리종목(소속부없음),부동산 관련 서비스업
321260.KQ,벤처기업부,반도체 제조업
053610.KQ,우량기업부,특수 목적용 기계 제조업
468530.KQ,기술성장기업부,자연과학 및 공학 연구개발업
303360.KQ,기술성장기업부,의료용 기기 제조업
377220.KQ,기술성장기업부,기타 식품 제조업
335810.KQ,기술성장기업부,의료용 기기 제조업
053160.KQ,중견기업부,"전동기, 발전기 및 전기 변환 · 공급 · 제어 장치 제조업"
405000.KQ,벤처기업부,의료용 기기 제조업
041590.KQ,관리종목(소속부없음),실내건축 및 건축마무리 공사업
367000.KQ,벤처기업부,소프트웨어 개발 및 공급업
075130.KQ,벤처기업부,"컴퓨터 프로그래밍, 시스템 통합 및 관리업"
237820.KQ,중견기업부,광고업
023770.KQ,중견기업부,소프트웨어 개발 및 공급업
019570.KQ,중견기업부,신탁업 및 집합투자업
300080.KQ,기술성장기업부,"자료처리, 호스팅, 포털 및 기타 인터넷 정보매개 서비스업"
033790.KQ,중견기업부,일차전지 및 이차전지 제조업
032580.KQ,중견기업부,반도체 제조업
051380.KQ,중견기업부,기계장비 및 관련 물품 도매업
241820.KQ,관리종목(소속부없음),의료용품 및 기타 의약 관련제품 제조업
452450.KQ,벤처기업부,특수 목적용 기계 제조업
237750.KQ,벤처기업부,"전동기, 발전기 및 전기 변환 · 공급 · 제어 장치 제조업"
460940.KQ,기술성장기업부,의료용 기기 제조업
031980.KQ,우량기업부,특수 목적용 기계 제조업
002230.KQ,우량기업부,"측정, 시험, 항해, 제어 및 기타 정밀기기 제조업; 광학기기 제외"
043370.KQ,우량기업부,자동차 신품 부품 제조업
239890.KQ,기술성장기업부,기초 화학물질 제조업
347740.KQ,벤처기업부,"그외 기타 전문, 과학 및 기술 서비스업"
257370.KQ,벤처기업부,특수 목적용 기계 제조업
147760.KQ,벤처기업부,"측정, 시험, 항해, 제어 및 기타 정밀기기 제조업; 광학기기 제외"
128660.KQ,우량기업부,1차 비철금속 제조업
006140.KQ,우량기업부,의료용 기기 제조업
376180.KQ,벤처기업부,그외 기타 제품 제조업
304840.KQ,벤처기업부,의료용품 및 기타 의약 관련제품 제조업
087600.KQ,벤처기업부,전자부품 제조업
291810.KQ,기술성장기업부,소프트웨어 개발 및 공급업
378340.KQ,중견기업부,특수 목적용 기계 제조업
161580.KQ,중견기업부,특수 목적용 기계 제조업
347770.KQ,중견기업부,전자부품 제조업
163730.KQ,벤처기업부,소프트웨어 개발 및 공급업
417180.KQ,중견기업부,기타 정보 서비스업
469880.KQ,SPAC(소속부없음),금융 지원 서비스업
469900.KQ,SPAC(소속부없음),금융 지원 서비스업
475240.KQ,SPAC(소속부없음),금융 지원 서비스업
475250.KQ,SPAC(소속부없음),금융 지원 서비스업
484130.KQ,SPAC(소속부없음),금융 지원 서비스업
0041L0.KQ,SPAC(소속부없음),금융 지원 서비스업
0101C0.KQ,SPAC(소속부없음),금융 지원 서비스업
299030.KQ,벤처기업부,특수 목적용 기계 제조업
067310.KQ,중견기업부,반도체 제조업
136480.KQ,우량기업부,"도축, 육류 가공 및 저장 처리업"
450330.KQ,기술성장기업부,의료용품 및 기타 의약 관련제품 제조업
101670.KQ,중견기업부,"구조용 금속제품, 탱크 및 증기발생기 제조업"
365590.KQ,기술성장기업부,반도체 제조업
149980.KQ,중견기업부,의료용 기기 제조업
013030.KQ,우량기업부,1차 철강 제조업
126700.KQ,우량기업부,사진장비 및 광학기기 제조업
160190.KQ,투자주의환기종목(소속부없음),"전동기, 발전기 및 전기 변환 · 공급 · 제어 장치 제조업"
221840.KQ,중견기업부,"항공기,우주선 및 부품 제조업"
106190.KQ,우량기업부,기초 의약물질 제조업
065650.KQ,중견기업부,기계장비 및 관련 물품 도매업
066130.KQ,우량기업부,가정용 기기 제조업
004590.KQ,중견기업부,기타 상품 전문 소매업
039340.KQ,우량기업부,텔레비전 방송업
034950.KQ,우량기업부,기타 사업지원 서비스업
222980.KQ,벤처기업부,기타 식품 제조업
256840.KQ,우량기업부,기초 의약물질 제조업
219750.KQ,중견기업부,의료용 기기 제조업
025550.KQ,중견기업부,1차 철강 제조업
017890.KQ,우량기업부,기타 화학제품 제조업
080720.KQ,관리종목(소속부없음),의약품 제조업
041460.KQ,중견기업부,소프트웨어 개발 및 공급업
101680.KQ,중견기업부,특수 목적용 기계 제조업
039740.KQ,벤처기업부,기타 전문 도매업
053300.KQ,우량기업부,소프트웨어 개발 및 공급업
025770.KQ,우량기업부,전기 통신업
464440.KQ,관리종목(소속부없음),금융 지원 서비스업
479880.KQ,SPAC(소속부없음),금융 지원 서비스업
062970.KQ,중견기업부,통신 및 방송 장비 제조업
023760.KQ,우량기업부,기타 금융업
054040.KQ,우량기업부,전자부품 제조업
021650.KQ,중견기업부,플라스틱제품 제조업
032300.KQ,중견기업부,의약품 제조업
037230.KQ,우량기업부,"골판지, 종이 상자 및 종이용기 제조업"
448900.KQ,기술성장기업부,자동차 신품 부품 제조업
052600.KQ,중견기업부,전기 통신업
256150.KQ,벤처기업부,일반 목적용 기계 제조업
092460.KQ,우량기업부,선박 및 보트 건조업
125490.KQ,벤처기업부,자동차 신품 부품 제조업
452190.KQ,벤처기업부,특수 목적용 기계 제조업
047080.KQ,중견기업부,소프트웨어 개발 및 공급업
452280.KQ,우량기업부,기타 금속 가공제품 제조업
066980.KQ,벤처기업부,"건축기술, 엔지니어링 및 관련 기술 서비스업"
114810.KQ,우량기업부,특수 목적용 기계 제조업
042520.KQ,벤처기업부,의료용품 및 기타 의약 관련제품 제조업
430690.KQ,벤처기업부,소프트웨어 개발 및 공급업
078350.KQ,우량기업부,반도체 제조업
045100.KQ,우량기업부,"건축기술, 엔지니어링 및 관련 기술 서비스업"
320000.KQ,중견기업부,특수 목적용 기계 제조업
091440.KQ,투자주의환기종목(소속부없음),통신 및 방송 장비 제조업
276730.KQ,투자주의환기종목(소속부없음),알코올음료 제조업
024740.KQ,우량기업부,자동차 신품 부품 제조업
005860.KQ,우량기업부,동물용 사료 및 조제식품 제조업
007770.KQ,중견기업부,기초 화학물질 제조업
198940.KQ,중견기업부,1차 비철금속 제조업
058450.KQ,투자주의환기종목(소속부없음),"영화, 비디오물, 방송프로그램 제작 및 배급업"
107640.KQ,기술성장기업부,"전동기, 발전기 및 전기 변환 · 공급 · 제어 장치 제조업"
079170.KQ,우량기업부,1차 비철금속 제조업
054920.KQ,중견기업부,소프트웨어 개발 및 공급업
457370.KQ,중견기업부,기초 화학물질 제조업
002680.KQ,중견기업부,"곡물가공품, 전분 및 전분제품 제조업"
098070.KQ,중견기업부,"구조용 금속제품, 탱크 및 증기발생기 제조업"
408470.KQ,중견기업부,기타 금융업
498390.KQ,SPAC(소속부없음),금융 지원 서비스업
034810.KQ,중견기업부,기타 금융업
03481K.KQ,중견기업부,
059270.KQ,기술성장기업부,기타 금속 가공제품 제조업
076610.KQ,벤처기업부,사진장비 및 광학기기 제조업
220180.KQ,벤처기업부,소프트웨어 개발 및 공급업
900270.KQ,외국기업(소속부없음),기타 금융업
214180.KQ,우량기업부,기타 정보 서비스업
234340.KQ,우량기업부,금융 지원 서비스업
084990.KQ,기술성장기업부,자연과학 및 공학 연구개발업
170030.KQ,우량기업부,자동차 신품 부품 제조업
319400.KQ,우량기업부,일반 목적용 기계 제조업
048410.KQ,중견기업부,기타 화학제품 제조업
052260.KQ,우량기업부,기타 화학제품 제조업
016790.KQ,관리종목(소속부없음),동물용 사료 및 조제식품 제조업
041440.KQ,우량기업부,특수 목적용 기계 제조업
039010.KQ,우량기업부,통신 및 방송 장비 제조업
090850.KQ,우량기업부,소프트웨어 개발 및 공급업
460930.KQ,우량기업부,선박 및 보트 건조업
092300.KQ,우량기업부,전자부품 제조업
011080.KQ,중견기업부,봉제의복 제조업
308100.KQ,중견기업부,"섬유, 의복, 신발 및 가죽제품 소매업"
064240.KQ,벤처기업부,기타 전문 도매업
039610.KQ,우량기업부,일반 목적용 기계 제조업
126640.KQ,우량기업부,자동차 신품 부품 제조업
127980.KQ,중견기업부,전자부품 제조업
061250.KQ,우량기업부,의약품 제조업
097870.KQ,중견기업부,"비료, 농약 및 살균, 살충제 제조업"
290270.KQ,벤처기업부,소프트웨어 개발 및 공급업
353190.KQ,중견기업부,기타 식품 제조업
090710.KQ,중견기업부,특수 목적용 기계 제조업
078590.KQ,중견기업부,자동차 신품 부품 제조업
205470.KQ,중견기업부,의료용품 및 기타 의약 관련제품 제조업
115160.KQ,중견기업부,기계장비 및 관련 물품 도매업
028080.KQ,중견기업부,"컴퓨터 프로그래밍, 시스템 통합 및 관리업"
175140.KQ,투자주의환기종목(소속부없음),통신 및 방송 장비 제조업
200670.KQ,우량기업부,의약품 제조업
065510.KQ,우량기업부,의료용 기기 제조업
263920.KQ,중견기업부,그외 기타 제품 제조업
243070.KQ,우량기업부,의약품 제조업
084110.KQ,우량기업부,의약품 제조업
024060.KQ,중견기업부,기타 전문 도매업
010240.KQ,우량기업부,특수 목적용 기계 제조업
189980.KQ,우량기업부,비알코올음료 및 얼음 제조업
037440.KQ,우량기업부,"건축기술, 엔지니어링 및 관련 기술 서비스업"
238490.KQ,벤처기업부,특수 목적용 기계 제조업
